Age,CompressiveStrength,Cement,BlastFurnaceSlag,FlyAsh,Water,Superplasticizer,CoarseAggregate,FineAggregate
28,39.46,0.06671231046690268,0.10436844566161245,0.0,0.07030258499766215,0.005093180148286687,0.43805524013091973,0.28730545721728673
28,37.26,0.13617505069445032,0.0,0.054300331741089225,0.07720828419436124,0.004666434758999856,0.3690725673027158,0.33089264654726247
28,28.94,0.056789575635522706,0.08968571599238823,0.0,0.08349902292916449,0.001322672310068523,0.4050790616706631,0.3393294478056439
28,55.45,0.1392293362094323,0.007451710952054123,0.038042945386802626,0.056868320423570935,0.00482400235317188,0.37925286792822827,0.34160211785469163
100,34.56,0.09486095445213538,0.0,0.038382576095688646,0.08029505083865522,0.0018663831928136128,0.3842314964335851,0.34576777324255675
14,38.6,0.08941871593225982,0.022385886073315858,0.05072192402113761,0.06474430990721092,0.003994507552115841,0.42204468855323934,0.32480339533141933
28,39.58,0.1671927779526755,0.0,0.0,0.08168196785474223,0.0,0.39990130095550885,0.32247360225986776
28,12.25,0.0836732559355716,0.0,0.0,0.07530593034201444,0.0,0.4706620646375902,0.35351950632779
28,37.44,0.1580095342746433,0.0,0.0,0.07671207977725818,0.0,0.4328428497071143,0.305402480233317
56,56.85,0.10960814391298286,0.0,0.04836942446759767,0.06354961451879594,0.003944458832201128,0.41978604299061695,0.3097794688925633
28,39.94,0.12050009372682298,0.0,0.03895775772838781,0.06988760931400116,0.003626820541659535,0.38921082015045194,0.3501308100442554
56,42.55,0.08531224280867976,0.0,0.04030752554348917,0.06395407190316559,0.0034927835879318297,0.4046008390709998,0.3627677298914025
3,20.73,0.07454779225456815,0.05436125525080307,0.04967060764826844,0.07534352711571242,0.001507708157957558,0.4218651187529578,0.31276568121186227
91,56.5,0.14667800409693502,0.05843929965601205,0.0,0.05948285857844084,0.006145402543191744,0.43841069841147134,0.23383449928496888
3,12.47,0.08941557373939218,0.0,0.05126324265304144,0.07600956126927115,0.0024029644993613175,0.44585530781132093,0.3285316200618026
28,35.31,0.0693263401145053,0.0813567536924282,0.0633544081945292,0.08793453377819899,0.004890060195342759,0.3586188392814641,0.3071217451889165
56,35.34,0.07716461514805732,0.0,0.05074170288183738,0.06559194606974353,0.0031561824759037604,0.44105626906860246,0.32532957828546455
28,18.03,0.07136260963438584,0.0,0.06520617551039873,0.07873298851521549,0.005072554876806284,0.44365345345605733,0.3160158333080428
180,34.49,0.12307124903286845,0.0,0.0,0.07737052463629841,0.0,0.388055273823507,0.325517440438727
28,15.09,0.07150042020648902,0.0,0.08713297249280423,0.07890302156769678,0.00548663395007163,0.36982525506316155,0.36838827950480946
28,13.46,0.06517433160630726,0.0,0.08013804675944748,0.07209396867134318,0.006746646138410041,0.4646968766488198,0.29321962063089796
3,4.78,0.06693264738306473,0.04462176492204315,0.0,0.08399391044149299,0.0,0.3884718357919051,0.41257633821547934
180,48.7,0.10907450690941896,0.04674621724689384,0.0,0.09349243449378768,0.0,0.3821708287202198,0.2747365399598147
56,66.82,0.10920178693833169,0.038527903183870275,0.009651673087983863,0.06330709654036762,0.0044121934116497655,0.41825229867397823,0.3082626200549948
7,37.18,0.1452806060507956,0.007688945724136815,0.057060070900173204,0.0623209285008984,0.0044110267575311205,0.38120983537562525,0.324149764475452
14,41.89,0.11299642375086145,0.0,0.03971797789005379,0.06548980748606405,0.004811828943558878,0.39713900068915176,0.3570540188966232
28,22.44,0.11735520622776098,0.0,0.0,0.07726232438482485,0.0,0.46106814119376555,0.3232488598586726
90,33.19,0.05126511087230136,0.07689766630845205,0.0,0.08509339365834688,0.0,0.4006707115647567,0.33456129860463557
100,35.34,0.09305185820515104,0.0,0.04786102098117116,0.07909407947437838,0.0018610371641030205,0.41646775146253256,0.3069093027583808
14,20.92,0.08868836555830602,0.0,0.05084632367699204,0.0753913828861979,0.002383421422359002,0.4422292098748912,0.325859704288486
360,38.11,0.11396597931701291,0.0,0.0,0.07058538073827897,0.0,0.35660322560484686,0.3124873626434225
28,33.0,0.09055185375021357,0.06035366478728858,0.0,0.08692123697249275,0.0,0.41576969075687686,0.3203485392106612
28,39.38,0.17945998532742174,0.01993556824343721,0.0,0.07974227297374883,0.0011961340946062325,0.448311058658416,0.24448980893751393
28,40.68,0.1395739142348267,0.0,0.059083436087135226,0.08520002740101384,0.004709549253322373,0.342940813810111,0.3390875462392109
56,79.4,0.15096604328803187,0.07317923103728655,0.0,0.05649126882719634,0.008518217369419599,0.36577999767684977,0.29263948580942417
28,59.8,0.1250149634890866,0.10462471569370733,0.0,0.07002912892542196,0.0034316268305334976,0.41774071266110685,0.24412433661865043
28,32.72,0.14217507495763265,0.0,0.0,0.07821666014861166,0.0,0.42652522487289796,0.3283470212488594
3,7.4,0.07061331995484761,0.017642878046741084,0.05196705547890798,0.06618169655922071,0.004515238931393453,0.4518583552824114,0.3328734478866173
360,42.13,0.12481536981470819,0.0,0.0,0.06866633525622914,0.0,0.37444610944412454,0.28825555321104523
7,27.74,0.16752346607330112,0.0,0.0,0.08184352540985704,0.0,0.40094802083599757,0.3348764248019984
28,55.51,0.08723777691597265,0.021829434553676016,0.049496043914745255,0.056292754306915445,0.004757697274519132,0.4300718452269101,0.31692660752195934
180,51.04,0.18733327338668584,0.0,0.0,0.07493330935467434,0.0,0.42149986512004317,0.22967059317207686
360,44.7,0.04986426632376054,0.0747963994856408,0.0,0.06858122588941278,0.0,0.37398199742820404,0.288219745677954
180,61.92,0.19488329274811428,0.0,0.0,0.07015798538932114,0.0,0.4176070558888163,0.22754944467541724
3,9.13,0.08490699135966617,0.05660466090644412,0.0,0.08208530886735099,0.0,0.4182930531032094,0.35292407536457415
28,13.46,0.06529842678359842,0.0,0.08000138380771991,0.072217465383185,0.006919038599586588,0.4644404659972497,0.29319426065748166
28,57.92,0.2002593991402305,0.010604367367914447,0.05016681485590296,0.08197991695964629,0.001590655105187167,0.335261152939449,0.28509433808354606
56,51.72,0.06777821865561054,0.05259492594602037,0.05206857179875457,0.07105780988088202,0.0031581248835947564,0.40743859876428246,0.30228923565280064
28,32.4,0.11180603152844414,0.04283755997258396,0.03341329677861549,0.08610349554489376,0.003855380397532556,0.3701165181631254,0.32599383139136395
28,33.05,0.06778782841475788,0.09239869605578463,0.06562898037607132,0.08635392154746227,0.003885926469635802,0.353619308736858,0.3039658038470672
3,23.08,0.07246740011193813,0.020925744931458788,0.07246740011193813,0.06883358811785247,0.0027149170070754915,0.42026915269528614,0.331428714632985
28,69.84,0.2044287443168809,0.0,0.0,0.06173748078369803,0.0036797173977038563,0.42234978575867593,0.267801655055114
7,8.37,0.066711140760507,0.04447409384033801,0.0,0.08371594134651861,0.0,0.3871862287276485,0.411210959811988
28,53.39,0.17971624175461076,0.00967082915271448,0.0318331459610185,0.06527809678082275,0.004150397511373298,0.38965382461145426,0.2869012648638629
28,28.99,0.06678184740132444,0.07927651562479805,0.061611639860576745,0.08358502190875446,0.003877655655560774,0.3791485529881646,0.30116458924855344
28,39.7,0.09292468209977178,0.13942777958917513,0.0,0.07568470818389307,0.0,0.3895500489077275,0.2748206716661233
100,56.63,0.08570870208548537,0.02145708781851611,0.048617453625968664,0.062058045809686,0.003828774034530756,0.40453390658589017,0.3113271886827821
28,15.42,0.061752285608621234,0.0,0.07521221972804913,0.06811672730087467,0.007697534208874095,0.40538913400590004,0.3631602033181103
7,9.01,0.14409519366146298,0.0,0.0,0.07927300052435786,0.0,0.4360015028839682,0.33402009075107036
28,39.32,0.08049571947241763,0.12074357920862644,0.0,0.08049571947241763,0.0,0.3898172914867391,0.3002238787197826
28,31.97,0.14117527355358936,0.0,0.0,0.08139835592279027,0.0,0.3947820262255328,0.35722007656532856
90,31.02,0.04825853260779126,0.0719717770788611,0.0,0.07987619190255105,0.0,0.37849666350490074,0.37104987269731915
28,18.75,0.10951021021665842,0.0,0.0,0.08245474651607222,0.0,0.3821262158854222,0.405831955508793
28,66.9,0.18437708849313988,0.04607461571726225,0.0,0.05417305499862405,0.012658725478633486,0.33498447143924204,0.3304241852419703
28,25.22,0.12348565178549067,0.0,0.0,0.07752293960975529,0.0,0.4556194738292242,0.32115453657396204
7,17.24,0.1070542687627795,0.07135554587202093,0.0,0.07780813193443503,0.0,0.43014447088794294,0.303481044480944
7,40.29,0.17858722343199154,0.009266318196942958,0.055597909181657745,0.07076097532210986,0.0037486469069451054,0.3462233435403232,0.315897211259419
28,22.49,0.15216497971266593,0.0,0.0,0.07408766841280037,0.0,0.44069595330521966,0.31290769163252197
28,39.42,0.11204080945486379,0.047265901208794904,0.036827839321189264,0.0748762584598808,0.004377251759318496,0.38288326206269574,0.3133523014242904
3,21.78,0.10455084162805924,0.0,0.04094182779568867,0.06062539885130823,0.005884351768206266,0.4093353997629683,0.3683935719672796
28,33.76,0.06926747507226051,0.08123963125758948,0.06328139697959602,0.07653628418478167,0.008123963125758948,0.35830953154663153,0.31683456190459897
7,38.0,0.11468514661112002,0.08047588527479571,0.0,0.05796346739304598,0.004486460503124499,0.40241948405704214,0.32194359878224643
28,15.53,0.0645785822363114,0.0,0.07940418518050171,0.07909895217870956,0.006540707181260438,0.3657999502906254,0.3855964906925737
56,67.765,0.14074760895687988,0.007449037799946288,0.055279701568022456,0.060376411641669916,0.004273395369442871,0.369315453028916,0.3140357514608935
3,21.91,0.12382249886468266,0.0,0.04895404985397111,0.0728269609742481,0.003957987009470004,0.4261293803458864,0.31393086438269985
180,71.62,0.19980611406709045,0.0,0.0,0.06401195876593824,0.0,0.4162627376397718,0.2268169405983823
56,51.96,0.11968138656443544,0.0,0.04731683351723138,0.07039134041542167,0.00382561632692509,0.41187793465041916,0.3034317791934795
28,25.56,0.06534105468149438,0.06192452894651429,0.0482584260065939,0.0760176976033072,0.0034165257349800986,0.4279198483062574,0.29424827892516103
28,32.24,0.1173567645642754,0.0,0.038689043262947934,0.08554577343696267,0.004728660843249193,0.40021665864227257,0.32756723295962586
14,30.39,0.08828790864659636,0.040528983800800666,0.01012191746299303,0.07506744502146259,0.002850662469169466,0.4403240666146111,0.32447975409937657
28,25.1,0.13183943389073755,0.0,0.0,0.074975780295691,0.003369697990817573,0.42121224885219666,0.34623646855650564
28,39.16,0.07321607792165058,0.0533901512035407,0.04878329686240313,0.07399759785452213,0.00148077460965136,0.41432896230605964,0.3071784662465654
28,25.18,0.13689428530129497,0.0,0.0,0.08630291899429467,0.0,0.41408395615981775,0.34011002559327946
28,61.89,0.21382835918412602,0.0,0.0,0.06414850775523781,0.0009899461073339167,0.41775725729491286,0.2676814274230911
28,18.03,0.07152052639107423,0.0,0.06501866035552203,0.07888930789803339,0.0052014928284417625,0.44342726362466023,0.3159906893278371
3,10.76,0.07029616651007677,0.0,0.0691111618970231,0.07469761221570469,0.0019044716995505445,0.44801638692093476,0.33015074951541773
28,37.81,0.07156062271740966,0.03845662923939046,0.06583741986486653,0.07094301089878989,0.003993889760407788,0.41470574914254893,0.30740598918767575
56,44.4,0.0853541030994058,0.0,0.04030833467159146,0.06399550345270595,0.0041753653444676405,0.4030030512285209,0.3628553075317167
56,64.9,0.16589250165892502,0.0414926421796323,0.0,0.059096764120379404,0.007260236543190601,0.36535383894765605,0.31371247901947774
28,27.22,0.10398815366953397,0.0,0.039806665224697606,0.07977971149526647,0.00220454885779412,0.3946974360680831,0.3565545813020981
90,39.7,0.0879704552056102,0.05863313830449397,0.0,0.0844433378978381,0.0,0.403917174986514,0.3112162330387154
100,44.21,0.10076515786140582,0.0,0.0474165400755939,0.0755538275929793,0.002565222793607785,0.412199237647851,0.3036983297994717
3,6.47,0.10294573102374296,0.0,0.0,0.08462488058731413,0.0,0.4222519814872169,0.38604649133903607
28,18.2,0.056386603507022355,0.08455912906174687,0.0,0.07716280229369235,0.0,0.4471869026842849,0.3155073547743705
28,37.42,0.15795436690070377,0.0,0.0,0.07649622480793244,0.0,0.4329272831021907,0.3055714061246599
28,28.47,0.07816896490817304,0.0,0.05142803156333823,0.06650318139061069,0.0040665935501361695,0.44695560019223896,0.32968161447871613
90,31.25,0.11478296902517351,0.0,0.0,0.07914637936392831,0.0,0.4011188231637833,0.35470838081425465
28,49.9,0.13571916295135958,0.07591276057356307,0.0,0.07024942764188456,0.0038157207695706306,0.3794433064224605,0.30357071133068236
28,33.73,0.09536229856874273,0.0,0.05002612383934044,0.07158343378326676,0.0027563735997005014,0.43460195085427017,0.320274156323409
28,25.57,0.1233424524235298,0.0,0.0,0.08194377462047654,0.0,0.3897450780386416,0.3821055282172534
28,27.92,0.1303660341811331,0.0,0.0,0.08074283407347597,0.0,0.40791952630870676,0.35745525501278425
14,22.72,0.07880830903790088,0.0,0.0518486615425391,0.0670471110522131,0.004099854227405248,0.45061125099390403,0.33237808110257094
3,39.3,0.17931541540723794,0.07229801486806632,0.0,0.07597418511559512,0.004533943305285515,0.36144922800424795,0.28915121313618164
180,29.59,0.1283589586181879,0.0,0.0,0.08092195217233585,0.0,0.388265918304705,0.31890424501413145
7,11.47,0.15394101077184089,0.0,0.0,0.07495557068995394,0.0,0.44771848944375714,0.3159417603275478
28,15.57,0.06504394453376552,0.0,0.07926826639999654,0.07181127342163907,0.005000064656008482,0.42724690405479376,0.33284913166980606
56,36.97,0.10290331427261601,0.0,0.048422681298530126,0.07715701965150404,0.0023740621431232014,0.4209457772392932,0.31014256652490513
28,40.87,0.15141652520559717,0.0,0.06024327049483721,0.08223887137466125,0.004679915080813625,0.340953085978549,0.33116780899139325
365,41.93,0.180202053924042,0.0,0.0,0.08649698588354016,0.0,0.35357539843622554,0.22534741059132832
14,21.06,0.07896284150290261,0.0,0.05192417579687462,0.0671204856194049,0.003229733422772105,0.45133454241302495,0.33291098357804777
90,49.19,0.12940630600334582,0.032351576500836456,0.0,0.09705472950250937,0.0,0.3967324907734155,0.28520468757316353
28,44.28,0.11604278972912152,0.048701026080239136,0.03791122978487581,0.07540262313802543,0.003736544242363175,0.36529967924496615,0.322560330495239
7,46.9,0.21243502598960415,0.0,0.0,0.056697321071571376,0.011275489804078368,0.34070371851259496,0.35733706517393043
120,39.38,0.1309138657954896,0.0,0.0,0.0759379523647553,0.0,0.40539792278059467,0.3247138483930422
28,24.89,0.09254366071762948,0.0,0.04023818341454483,0.07877030114139956,0.0018725111206354887,0.4024234455036847,0.3621436507309035
56,51.04,0.11068769373342281,0.0,0.03890646470456652,0.06415172722334068,0.0047135142044546705,0.3890247020100342,0.3497587319847889
28,43.58,0.11707127400595077,0.04936434947254531,0.038460238030835814,0.08055517987557478,0.002958479848525832,0.4000287395185286,0.28130916959697055
28,24.34,0.06822188948053903,0.0770818751273623,0.08195486723311508,0.10100383637378507,0.003100994976388138,0.37433439357828235,0.2711155607927915
28,38.46,0.1318518891772274,0.0,0.0474498836847984,0.07138478076474096,0.004199104750867115,0.38841718945520814,0.3287899019928951
28,44.61,0.06004798760954844,0.07050031526251423,0.05488529945707139,0.07342019626678402,0.004612565644426201,0.37349086585051056,0.332316311978706
14,29.55,0.07222256851378586,0.038812358453323356,0.0664464252321885,0.07159924369922499,0.004030833800826943,0.4185418354838039,0.3102495377007625
3,32.01,0.17437723883512712,0.009047875599935841,0.054287253599615046,0.07320553894493545,0.0034957701181570298,0.3627375581428824,0.30845030454326733
90,33.12,0.10097273948608065,0.10097273948608065,0.0,0.09693382990663742,0.0,0.39623828716221965,0.2525381358093975
28,16.5,0.06778763405269429,0.06363917207290701,0.04956088088618209,0.09713579593097665,0.004457389999558674,0.40743192550421464,0.2903482060108566
180,37.33,0.12207944615311914,0.0,0.0,0.07561049568193184,0.0,0.3819905250597599,0.3347339652585525
3,26.06,0.20267038499266335,0.0,0.0,0.08106815399706534,0.0,0.4560083662334925,0.24847389200100525
28,52.82,0.11662681917011687,0.05373164168908956,0.041652435417898884,0.07164218891878607,0.0037487191876108992,0.3436325921976658,0.335302105114086
56,61.99,0.08605152838083518,0.021532600593921182,0.04882300281185791,0.05552729237406781,0.004693002693546924,0.4242237812981871,0.31261707858610477
14,22.32,0.09686996567167956,0.0,0.04984775769435144,0.08232049324820136,0.0025725154140062924,0.43357427821965067,0.31949797994281426
14,33.36,0.10221810859963627,0.0,0.04055436477007015,0.05930923616523772,0.005033775006495193,0.40838529488178743,0.36527344764873987
56,80.2,0.12747105615499726,0.11136488934393954,0.0,0.07237930219736947,0.004056076238481532,0.3712294242734505,0.25986453492951095
100,53.66,0.06654052850828379,0.051634496136356414,0.05111775368079626,0.06976023150062009,0.003100454733360893,0.3999984100232137,0.29676916717015933
28,23.85,0.19258375847523135,0.0,0.0,0.09629187923761567,0.0,0.3703261997835641,0.3178957132445505
14,33.7,0.08787816423132332,0.0,0.07170199629553406,0.06363449269396995,0.00481580572134184,0.4331343897921383,0.3192014817863758
90,48.85,0.16040488969612868,0.0,0.0,0.07836574763780332,0.0,0.38391053243811357,0.3206465174180119
14,26.05,0.09021409878629272,0.0,0.0511446763790723,0.0653217663665025,0.004657009210987244,0.4445589235302602,0.3275979311339611
28,56.83,0.2159747702200243,0.0,0.0,0.07567297820209185,0.0028223975653753177,0.3763196753833757,0.2945110503000331
100,50.08,0.08435370927377653,0.0,0.068959256013705,0.06110413755536082,0.00402624162186486,0.4158476028073167,0.3064680387466546
14,16.88,0.06847098075342976,0.0,0.05959050203753039,0.06797300998431392,0.0,0.4172995045190847,0.3738515549137265
270,51.73,0.10506649603235732,0.04502849829958171,0.0,0.09005699659916341,0.0,0.36812772294043994,0.26464117421683986
28,30.85,0.10148913198476238,0.0,0.040253417262523176,0.06441361608506997,0.005215017621055635,0.40245268797490275,0.36219927071237956
28,66.0,0.17560702428097122,0.07080283211328453,0.0,0.07440297611904476,0.0044401776071042835,0.35397415896635864,0.2831713268530741
365,25.08,0.08832070896080955,0.0,0.0,0.0722283763959163,0.0,0.36226460285620193,0.3312026586030358
7,17.2,0.08075622887191687,0.12111347606527273,0.0,0.0775009390259171,0.0,0.4165936313175577,0.29393597929969534
28,67.7,0.11240233991598289,0.07887401358407602,0.0,0.05680970515488202,0.004397157551725491,0.3944093282556633,0.3155353146715873
7,18.91,0.1250575645039313,0.0,0.0,0.0785834695869298,0.0,0.4605160314502875,0.32489617264703774
28,37.91,0.06992682957652144,0.10952394993912996,0.0,0.07708801091869533,0.005476197496956498,0.36185028076043324,0.3483704099986942
28,55.65,0.1624618910236736,0.007038651198002987,0.06465737728398092,0.06834039244572668,0.008511857262701287,0.3957195179342377,0.25903873304278435
7,45.7,0.14903425800810746,0.037278435736427945,0.0,0.05031396550353708,0.009299737699705907,0.33864557666322237,0.3944837453302599
91,66.6,0.12162739236771614,0.10178966574789393,0.0,0.06813152684498622,0.0033386389223184127,0.4064210567180403,0.23750922007841918
56,47.13,0.08622949629551953,0.03956554530678422,0.009881303364079646,0.07328297229605191,0.002702233981197291,0.42993752596362866,0.31680668540753315
28,18.42,0.10131277313666062,0.0,0.0,0.0832825338496278,0.0,0.41555408642494696,0.37992289926247735
28,46.24,0.12131439317617033,0.056249580227013235,0.0,0.08185573241990732,0.002518637920612533,0.3878702397743301,0.3190274699442542
7,18.13,0.14426674052241922,0.0,0.0,0.07936737587479796,0.0,0.4328002215672576,0.33317762997441225
28,26.2,0.06781472195963997,0.0,0.059019358020632115,0.06732152398175169,0.0,0.4132999054703876,0.37026838189963424
3,15.52,0.07025012409453059,0.03171772069896771,0.07025012409453059,0.06898814581738334,0.003323209463154441,0.423730239523477,0.3239498237437007
28,38.22,0.12993056953109278,0.0598712014489837,0.04662239216475482,0.07035285436372175,0.009265781176628431,0.3831673039511639,0.27302609512309656
7,14.2,0.11577972381273156,0.0,0.0,0.0770461434826541,0.0,0.4580666891209162,0.3401818794206804
28,29.07,0.05787061661993047,0.06893411685609364,0.053615424221406166,0.07318930925461795,0.004255192398524299,0.3927542583837928,0.3250966992472564
3,37.8,0.1932308192986738,0.04832804491091042,0.0,0.07367179236839963,0.0036205353510698883,0.34663574973557887,0.31791554796192334
28,61.09,0.1486906082400041,0.07521995475670795,0.0,0.06762639695621576,0.004015441559422571,0.3681881612060637,0.3008400621797089
28,27.53,0.13144767996985693,0.0,0.0,0.08263648936215762,0.0,0.41446695182678017,0.34767269099519166
56,72.3,0.18658915033193227,0.0466669285461759,0.0,0.07113956868444828,0.0034960914483246255,0.3347212947322936,0.30698825470401064
28,65.91,0.1508650005564693,0.07708129809852392,0.0,0.0788537557553349,0.0027205164034773146,0.3397760108161137,0.31199376754423935
90,35.17,0.14065397876498337,0.0,0.0,0.08173697291062455,0.0,0.40163142019027703,0.3240435321989735
91,75.5,0.15331781585072693,0.03613538367611707,0.0,0.056244514824283595,0.004349982829015149,0.3612775212729423,0.3251421375968253
7,26.26,0.10498351206315808,0.10498351206315808,0.0,0.10078417158063174,0.0,0.4119774031278456,0.2625692891179617
28,10.54,0.06419312683219723,0.0,0.07898315261540635,0.08904920001412778,0.0034436477942994385,0.3637904849362484,0.3835252357574259
28,12.46,0.06775921840529468,0.0,0.06250656581573695,0.08461147879679239,0.003983261547081276,0.4584690268585636,0.304960254928739
7,10.09,0.050439387944116634,0.07522425960631188,0.0,0.08348588349371029,0.0,0.39560133751342513,0.3878180181668761
28,27.68,0.0678709853671863,0.0636023699352878,0.049515939010022714,0.07470077005822393,0.006402923147847765,0.406799050659928,0.3073403110966927
1,6.27,0.16686386942143747,0.0,0.0,0.08061475249970745,0.0,0.41867661782106125,0.3306938503079397
7,9.99,0.10265377404860396,0.0,0.0,0.08394990843805324,0.0,0.42105446304681626,0.38495165268226483
365,56.14,0.12998168094438153,0.01444240899382017,0.0,0.08665445396292101,0.0,0.35421908374316835,0.25464247436472404
3,7.75,0.07146047342563645,0.017907654352495802,0.06967396158999555,0.05180884323358643,0.0024245517769412367,0.4503285905697697,0.3318233054722559
100,43.06,0.1504264750596105,0.0,0.0,0.0858551104994479,0.0,0.4014706588359551,0.30501368240810384
28,44.13,0.19901863635820966,0.0,0.0,0.07959153623603665,0.0011938730435405497,0.4474636167189981,0.24402765009968838
14,29.93,0.10501121539830327,0.0,0.049414585447968486,0.07873752626324648,0.0024226931157921997,0.42956855177253417,0.3164956161785775
7,32.82,0.16748794527551766,0.041871986318879416,0.0,0.1004927671653106,0.0,0.4107862236757433,0.2618101039306776
90,25.46,0.042651769212113104,0.06397765381816965,0.0,0.08028568322280114,0.0,0.3709031303053365,0.39390163331186806
28,60.29,0.16806456842996056,0.04203591440965837,0.0,0.06070096765646812,0.006524859715516117,0.3369595735509868,0.3508001850687483
90,31.35,0.14442816761920482,0.0,0.0,0.0837683372191388,0.0,0.40192295788887283,0.31980522829966784
28,43.38,0.12827299922691676,0.08550132768646432,0.0,0.08550132768646432,0.0,0.4056166179288091,0.2651171389197002
3,28.1,0.15767264464821878,0.03939787389434391,0.0,0.06406719143065813,0.0049095187860099,0.3457356163271931,0.3755984743974682
7,14.59,0.057769740408609174,0.08665461061291377,0.0,0.07945408422960575,0.0,0.4332730530645688,0.3339140654420254
90,47.78,0.09654405026835973,0.06422633852598508,0.0,0.07854431208273334,0.0,0.39787603089409607,0.30644554261028933
90,52.91,0.16150213990335374,0.0,0.0,0.09690128394201224,0.0,0.39610524839454125,0.2847537729874921
100,45.37,0.07243338644050201,0.0,0.06668343735150957,0.06772162260368875,0.0030346953525237884,0.4215032123847514,0.3105771112096056
3,9.73,0.10854993427132277,0.07236662284754852,0.0,0.08828901528462904,0.0,0.42413435549018846,0.30113712780865365
56,34.2,0.08668464933791074,0.0,0.04969756416544058,0.07368808239333008,0.0023295733202550275,0.4322380251757397,0.31849762955697236
3,28.8,0.12787233174156157,0.10701604016162604,0.0,0.07162972939880004,0.0035100608138443324,0.42728868209460835,0.24970409371046073
28,16.5,0.06797616420216288,0.0635621275656588,0.04943721032884573,0.09710880600308983,0.004414036636504083,0.40741558154932683,0.29044361068196867
28,62.05,0.17473367538274504,0.009066369949104695,0.05439821969462817,0.07335517504275617,0.003502915662154087,0.3387525499165482,0.3090807937194783
28,38.21,0.15475340560661272,0.0,0.0,0.07675768918087991,0.0,0.428357426719104,0.3128082171994998
28,24.05,0.07922455573505655,0.05281637049003769,0.0,0.08766828217555196,0.0,0.4132256327409801,0.3446418955304254
100,52.04,0.11650722604844684,0.0,0.03766686104237916,0.06757182707916345,0.003506642921309357,0.37631400608343446,0.3385289435942696
7,13.09,0.0930432474116026,0.062028831607735056,0.0,0.0782524050920951,0.0,0.4445680526233729,0.31364170764699184
100,39.23,0.06775750878226044,0.016979709046030744,0.06606357106270394,0.04912419386713882,0.0022989154765409793,0.4269933008796377,0.3146287654823891
28,32.05,0.10547173316270718,0.07030072860120953,0.0,0.076657928956222,0.0,0.4237858366529753,0.2989948192945159
28,43.8,0.12119294693326582,0.050831013245591826,0.03961022525942799,0.07913608369189233,0.0038808740403273425,0.3815067915295705,0.293554374419978
56,57.48666666666667,0.17732987332444475,0.00954241470804187,0.031410448413971157,0.06441129927928263,0.004612167108886904,0.3844797926115204,0.2830916363385755
28,31.84,0.14084858154260357,0.0,0.0,0.07686427016336773,0.0,0.4441508367818384,0.31327383623340144
28,35.86,0.12505980208656822,0.0,0.044904022896855036,0.06882485752415164,0.005455628950085192,0.39993956841778366,0.32901639206667616
3,41.1,0.16082936396749792,0.037905775927630794,0.0,0.05900012008165553,0.004563102909978786,0.3789777048392907,0.34107192891166
28,26.97,0.05862144769113394,0.08448385108428128,0.04224192554214064,0.08577697125393864,0.0025862403393147326,0.36509092789992975,0.3375043642805726
90,41.54,0.1811026290594525,0.020122514339939168,0.0,0.09658806883170801,0.0,0.3948249129436485,0.2516373372194498
100,55.64,0.10857980282440716,0.0,0.03816554599457689,0.06293004811836805,0.00462375197880911,0.3816162756069654,0.34309807056315733
7,11.39,0.07511973564800542,0.0503693025154256,0.0,0.08336988002553203,0.0,0.4111177208759048,0.3720380896139367
28,43.73,0.12140747168940207,0.006412366462468419,0.06027624474720314,0.07652090645212313,0.0023512010362384205,0.35994750409322723,0.3424203690958136
28,32.4,0.11172012161178435,0.04303515608273027,0.03352888279878388,0.0858990279621462,0.003682610371258511,0.37018798441313755,0.3260823020596926
28,43.89,0.19992586082661015,0.0,0.0,0.07997034433064405,0.0,0.38985542861188976,0.30030530344997064
28,19.77,0.10600914407587317,0.0,0.0,0.07796395269263226,0.0,0.4666921368504578,0.32927909583646464
7,7.84,0.08457231778894132,0.0,0.0,0.07611508601004718,0.0,0.4757192875627949,0.35731804265827705
3,25.2,0.12948822095857027,0.08631194151096669,0.0,0.0632412672623883,0.0058082859463850535,0.34610073111291634,0.35759545085296507
28,33.72,0.11152178911778982,0.047052912170736066,0.03666294785430204,0.08320487817341021,0.002129091048449596,0.38119246131441564,0.3119544204188348
270,55.06,0.13490804951362098,0.01498978327929122,0.0,0.08993869967574732,0.0,0.36764415832366887,0.2642935472927663
3,19.42,0.06922244317466711,0.053909599684513476,0.05541990753559712,0.073459695756874,0.0033981926649382034,0.4219632323944253,0.3132210671164028
28,36.94,0.16391818129268274,0.0,0.0,0.07679793884241558,0.0,0.42940783008662475,0.3030628339265217
28,31.42,0.12916626665852105,0.0,0.04656094815021688,0.0966128764803938,0.004581911486197537,0.3574763704279069,0.33967237151011076
28,37.43,0.1863207855545822,0.02070230950606469,0.0,0.09937108562911051,0.0,0.4062011044137324,0.25888782834952473
56,61.46,0.15058014209784987,0.007781919488260975,0.03657502159482658,0.06108806798284865,0.0045135133031913655,0.36497202399943973,0.32878609837902617
3,33.8,0.21094503375120538,0.0,0.0,0.07594021215043394,0.0,0.4520250723240115,0.2463034394085503
14,20.73,0.1047050640766671,0.0,0.049270521401231976,0.08034052052660734,0.0024156299588093447,0.43464679741610895,0.31415684102239455
28,21.91,0.058877147380403075,0.04579333685142461,0.08417251440309476,0.0854808954559926,0.002616762105795692,0.42086257201547383,0.28042967233777166
28,24.58,0.06459780280761994,0.06633197201050907,0.08410720634012261,0.08324012173867805,0.0034683384057782518,0.4053620511753332,0.27009685334998135
7,33.4,0.12884972920539972,0.0858863471020936,0.0,0.06292943173551045,0.005779645946164417,0.3443941476032657,0.3558321881820386
28,31.88,0.12910879429184993,0.0,0.04632676388071074,0.09079179799799104,0.004805860552111114,0.38083197672404834,0.32220913719649474
28,42.14,0.12009961105049681,0.05038853306903646,0.0,0.0738754195574138,0.0029150391031673986,0.3780805716808116,0.3454321337253367
90,39.36,0.055303336423347824,0.08295500463502174,0.0,0.07606189536735518,0.0,0.4147750231751087,0.3196580383954109
56,28.63,0.06824914842648938,0.0,0.06709865104181648,0.07252242442670305,0.0018490136539386045,0.43497018979097923,0.32053678920833456
28,41.54,0.11226941263359848,0.04711495199368405,0.036715705832915946,0.08298173977265974,0.002504308259123747,0.3534045858553274,0.335492414917188
28,68.5,0.15752538518837966,0.03712706315913279,0.0,0.057788058180107425,0.004469361351785784,0.37119222174305094,0.33406515858391816
28,15.57,0.06507021981668297,0.0,0.07929086388258057,0.07196507754560301,0.005171143296690037,0.4270502505849856,0.33267688542039237
28,19.69,0.10589614613668166,0.0,0.0,0.07774121839399249,0.0,0.46686753316608465,0.3294546768696763
28,31.74,0.13628465788845245,0.0,0.0,0.07905333629783345,0.0,0.4220295297149963,0.33803535989854827
7,19.77,0.11395773371152153,0.07598574692861351,0.0,0.07757313471491768,0.0,0.42291352496167295,0.29838713046238935
3,17.37,0.08887797283289692,0.0,0.0725177651873098,0.06435847587806025,0.004870596169296927,0.43806225204710736,0.32283310506750146
56,38.33,0.10199793556178424,0.0,0.03904480973305101,0.07645765249711346,0.002243954582359253,0.39040729815628533,0.35136248842323436
270,50.66,0.07507922834359416,0.07507922834359416,0.0,0.090095074012313,0.0,0.36828337271699874,0.2647530683695163
270,54.38,0.1199504415281055,0.029987610382026374,0.0,0.08996283114607911,0.0,0.3677428010006392,0.26436445994681146
3,13.57,0.10158096131745342,0.06757716494423809,0.0,0.08264213802097906,0.0,0.41863408041252204,0.3224334666224761
3,28.6,0.15355668851663024,0.06117989803350327,0.0,0.06227239621267298,0.006433600388443797,0.45897062393784893,0.24480051792506272
3,30.45,0.1131867458810559,0.03993385190175782,0.01000387905514383,0.06561728016986178,0.004573201853780037,0.4335150364427023,0.3195116473734713
3,12.55,0.07977530444989414,0.0,0.05248485610681422,0.06984007210379592,0.004150160347104319,0.45232555702278393,0.3349053637678425
3,25.51,0.15583411518839013,0.00805344264539484,0.037851180433355745,0.06321952476634948,0.005597142638549413,0.377706460069018,0.34025795176793194
28,10.54,0.06400240119353444,0.0,0.0790098607837425,0.08916196580064797,0.0035311669624019,0.36371019712739566,0.3835730112909064
7,47.65,0.1460183227625088,0.07610993657505286,0.0,0.06640491291654083,0.004671297694553508,0.3804288734521293,0.30435920668478805
365,41.05,0.12618356387924326,0.0540786702339614,0.0,0.08652587237433824,0.0,0.3536934783021195,0.22542266750156542
91,68.1,0.12295113579389873,0.08195456824405106,0.0,0.06004859423811176,0.005515060357129084,0.3286281769447337,0.3395425970920591
28,37.92,0.06995010787486516,0.10943399406688242,0.0,0.07719795037756202,0.005351604638619202,0.36188646170442285,0.34840210355987056
3,11.41,0.08654224776180112,0.05755059476159775,0.0,0.08308055785132908,0.0,0.41773942994621405,0.34885180072782035
56,35.57,0.07402359451066487,0.0,0.06814741060243126,0.069208388252529,0.0031013192849010636,0.4307569259396793,0.3173955447100062
28,26.23,0.06534273995638126,0.061885677946931957,0.04822814902071249,0.07618340354156797,0.0034143822315548665,0.37011903390054757,0.35168136985015125
3,13.52,0.14753601483383255,0.0,0.0,0.08557980316645272,0.0,0.3917950363714163,0.3677257167308515
28,33.42,0.1297803126680954,0.059767249255043925,0.0,0.09135850957556714,0.0025614535395018824,0.38208348630903083,0.30822824258672654
28,55.55,0.15691548980049316,0.0,0.05542988730614823,0.06439648672331927,0.008151454015610033,0.368038148804793,0.3130158341994253
28,23.79,0.06623054905467443,0.07846694248467243,0.0,0.08270261713351788,0.0038933979095448147,0.37530644464315516,0.37124190836396
3,6.81,0.09257601495189978,0.06170278732407283,0.0,0.08886424076750757,0.0,0.42506364601027946,0.327509486858136
56,29.45,0.09130657908241815,0.0,0.03970029764959458,0.07771733552293955,0.0018474802422251873,0.39704403161243973,0.3573026788463512
28,39.3,0.0977770349323082,0.06518468995487213,0.0,0.07897375898378739,0.002465318402139395,0.4099114156777536,0.31756643824168473
56,38.56,0.07696476526353253,0.0,0.05063577830264989,0.065478694146957,0.004003947325848514,0.44007021063189566,0.32460284078040574
180,39.0,0.1300589390962672,0.0,0.0,0.07544204322200393,0.0,0.3842829076620825,0.3241650294695481
28,39.29,0.20685540589385487,0.0,0.0,0.09929059482905034,0.0,0.40587208061699526,0.25867812863357853
7,10.39,0.06158231240929358,0.09239525994883395,0.0,0.08869073301692317,0.0,0.42353638499187185,0.3262162833570859
56,53.77,0.07001981540597368,0.020218978396768193,0.07001981540597368,0.06650873532509777,0.0026232207500797057,0.40607457211233844,0.32023471772126866
3,15.82,0.07297247367448734,0.03921535696891322,0.06713635523907092,0.07234267672102514,0.00407268696572225,0.4228876610180877,0.3134709369699209
28,41.2,0.06885205445646363,0.05342820713198701,0.05289351375807182,0.07218360547855057,0.003208160243491137,0.41389380166988854,0.3070785176654465
91,79.3,0.13952056639347415,0.07272307514717764,0.0,0.06344992112047404,0.004463426834429951,0.3634999422832737,0.2908153449536342
28,45.71,0.08723125466872941,0.040043921773525296,0.010000775570350354,0.07416901718908812,0.002816544956547651,0.4350541470563023,0.3205962911409456
3,13.36,0.09769230114917109,0.0,0.05027091857131921,0.08301931730221243,0.0025943536656941385,0.43725491863936783,0.3222102192016196
28,28.63,0.10497734349738443,0.040750698741600706,0.031448908811452715,0.10940676727364537,0.0026576542657565675,0.3778298481150587,0.30784495245013577
7,11.47,0.10716700617060818,0.0,0.0,0.0790994569354489,0.0,0.4724704121251813,0.33340846364189214
100,37.68,0.0684213868427737,0.0053975107950215906,0.0684213868427737,0.06223012446024893,0.0016271907543815088,0.3993761112522225,0.3398844297688596
28,27.68,0.0677118021756579,0.06357053810816812,0.0495243950338986,0.07475622043479004,0.006404016599211026,0.406996601601858,0.307264716430145
180,46.93,0.07796695022015405,0.07796695022015405,0.0,0.09356034026418486,0.0,0.3824484084483346,0.27493608761843796
28,51.02,0.21187994556315246,0.0,0.0,0.07130575091067631,0.002118799455631525,0.3544914473845051,0.328006454189111
28,34.29,0.14473036732567227,0.0,0.0,0.0769138523502144,0.0,0.4341911019770168,0.318406808116479
14,48.4,0.20879732739420934,0.0,0.0,0.07516703786191536,0.0,0.44742284441616287,0.2437957365574292
3,21.29,0.07164556225558848,0.005651854099048743,0.07164556225558848,0.06516255314197375,0.0017038677798602827,0.41819564557887867,0.3559005772371576
3,24.4,0.11549943521058577,0.08104728094239147,0.0,0.0583750201710505,0.0045183153138615454,0.405276746812974,0.32422946587058254
14,27.92,0.1643950263032042,0.0,0.0,0.07942201270752203,0.0,0.41248206599713055,0.32580105212816834
28,26.15,0.06140444520357837,0.05820184896556142,0.04534876273032005,0.07605098533210923,0.0032025962380169523,0.4020325810790614,0.33063603561287014
28,52.44,0.12942227220853111,0.06657183969831793,0.0,0.07360116438696018,0.00413489687567192,0.37917004349911515,0.31383867286349876
7,21.16,0.1427272267973526,0.0,0.0,0.07788948955017767,0.0,0.4500749423196753,0.3174522979504539
28,43.7,0.16469716309136576,0.0,0.0,0.0769959237452135,0.0,0.4220364804216248,0.3067484662576687
28,17.58,0.10014805592476068,0.0,0.0,0.07810791257970626,0.0,0.470582297222269,0.33199017447044776
14,24.99,0.08046817849305048,0.0,0.04153596270442513,0.0684413475010229,0.0030996987092854577,0.41593823746998465,0.3744022747655595
3,15.36,0.10319143647782067,0.0,0.040928598651178975,0.06549404298331372,0.005302490513513066,0.4092031350975161,0.3682745364463371
28,30.88,0.06874546020545813,0.09036352945245754,0.06961018297533811,0.08690463837293763,0.0030265296945799175,0.36664245442911003,0.2892497665248521
7,49.8,0.13158536585365854,0.11495934959349594,0.0,0.07471544715447155,0.0041869918699187,0.38321138211382116,0.2682520325203252
3,8.49,0.10591470053677571,0.0,0.04054414736547774,0.08125775825181433,0.002245391651379645,0.4020098373573859,0.36316032520049657
7,24.44,0.13114876526818905,0.08741868029739776,0.0,0.07704626925119488,0.0,0.405353823685608,0.2859881173659054
28,37.17,0.11721888736588364,0.045160209172120123,0.035148478689623466,0.09010557434246994,0.0038671920318656622,0.38843795520072877,0.29205893600656563
3,13.62,0.07635901364696375,0.0,0.07029743814246386,0.07139188927522079,0.003199164849597158,0.44434715989931045,0.327409265791667
56,39.27,0.10212994146012505,0.0,0.04805875924714715,0.07836462095329405,0.0023562198109336728,0.4239570680500656,0.306430448859874
3,24.39,0.20370142463683857,0.0,0.0,0.08148056985473542,0.0,0.3972177780418352,0.3059765149232513
90,54.6,0.12444462560632619,0.08294949659642116,0.0,0.08294949659642116,0.0,0.3935107813964864,0.25720458158398896
56,73.7,0.15550137389217852,0.03665002515577229,0.0,0.057045551298424875,0.004411935446418206,0.3664228491814699,0.32977282402569763
7,21.92,0.09441697517827417,0.14166687372143683,0.0,0.07690014162546277,0.0,0.39580589857629145,0.2792340629943433
28,33.69,0.07054904672851303,0.005565354034267849,0.07054904672851303,0.06416525827744109,0.0016777905544483956,0.41179527681498057,0.35045361727551366
28,24.28,0.07403033103967684,0.049638834685563654,0.0,0.08216082982438122,0.0,0.4051555920714799,0.3666427030913012
56,39.59,0.09845393009398813,0.0,0.038910184048065025,0.07720012074148502,0.002894487655010151,0.3927819747848775,0.3502330062562283
100,40.39,0.07556415011177776,0.0,0.04971430159744917,0.06428710406251614,0.003931082953791907,0.4320617537394923,0.3186956746175136
3,34.77,0.15539859538944012,0.008030935162244969,0.03774539526255135,0.063042841023623,0.004657942394102082,0.37665085910928897,0.3393070106048499
28,15.34,0.06235547818857336,0.006495362311309725,0.08443971004702641,0.07621225111936743,0.00259814492452389,0.44211766132314856,0.30701412524790633
28,44.87,0.140368001935535,0.0,0.0,0.0758779778664898,0.0014182799601213047,0.41121776020223,0.3407209033609063
180,32.72,0.13918050518546798,0.0,0.0,0.08072469300757143,0.0,0.38731946300184517,0.3081854043392505
28,17.54,0.10010346829075431,0.0,0.0,0.07823212227764832,0.0,0.470654542089723,0.3318556154680889
14,33.01,0.07183937791653382,0.020744396735552416,0.07183937791653382,0.06823705752533012,0.0026913887980257625,0.41662698593438807,0.3285564632666835
28,22.44,0.11730621514210332,0.0,0.0,0.07764753030758441,0.0,0.4608756637611462,0.3231139164412383
365,39.0,0.09020129130269654,0.09020129130269654,0.0,0.08659323965058868,0.0,0.35396885681731866,0.2255981769844284
28,8.54,0.07080312250732677,0.0,0.08738360056284002,0.09858662627602463,0.004929331313801232,0.40241268361759147,0.3195102933400253
100,40.15,0.10030122284505975,0.0,0.04719822857028866,0.0769614394861258,0.0023140298031079816,0.4163657762971533,0.3009435656007501
56,53.96,0.0873342924256094,0.021864052733819382,0.04953955442848667,0.06323506701454082,0.0039013923093804102,0.412206481187974,0.31723196215649463
56,44.52,0.11993141949814613,0.006334405959409126,0.05954341601844579,0.07559057778228225,0.002322615518450013,0.35557132118816565,0.3382572782324474
7,33.21,0.20175852732415736,0.0,0.0,0.08070341092966295,0.0,0.45395668647935405,0.2473559544994169
28,32.63,0.07954680928909406,0.11929965920255864,0.0,0.07634027124023135,0.0,0.41035465133009663,0.28953394202743643
90,32.53,0.0768899499525448,0.05125996663502987,0.0,0.08508485489582854,0.0,0.4010486133468243,0.3344859160523972
56,72.99,0.11095222040079214,0.07785644805630157,0.0,0.05607679459306539,0.004340429159933188,0.38932099411329296,0.3114645460569914
28,31.42,0.1291775405643662,0.0,0.04669593527157832,0.09644674481325989,0.0048005167101622575,0.3574202896020808,0.33952745459147604
28,67.31,0.2120715859420102,0.0,0.0,0.06794145253327365,0.0,0.4418158040458546,0.24074052256009676
3,15.44,0.0970914452300372,0.0,0.05093321716985558,0.07288141272660255,0.0028063532486680295,0.44248232416312033,0.32608149314747176
28,46.23,0.13125828202137754,0.06061290093343867,0.04723626072743842,0.07482558115231396,0.0033441600515000647,0.3632593855941945,0.2884338044418806
28,58.52,0.194750350550631,0.0,0.0,0.0664201195562152,0.00389500701101262,0.42804077047338684,0.2714204885568794
28,8.54,0.07099509667703506,0.0,0.08735444660577105,0.09846984052995329,0.004930215047016324,0.4023503679733231,0.3195227551834488
90,32.07,0.11983894309516206,0.0,0.0,0.07961618364799694,0.0,0.3786744734757855,0.3712519230211024
28,43.57,0.11704703431548612,0.04943863904300316,0.03845227481122468,0.08070752185652653,0.002957867293171129,0.3997346370485555,0.28141994532171033
7,34.57,0.20322019331320887,0.0,0.0,0.08128807732528355,0.0,0.3963640520413045,0.3015279618284737
28,40.86,0.08337502084375521,0.08337502084375521,0.0,0.10005002501250625,0.0,0.40897641803357815,0.2940066524490315
28,22.63,0.08440376104818272,0.05628299938200685,0.0,0.07702102420957017,0.0,0.44636524638847297,0.3149276450313766
7,20.42,0.1011087690435796,0.0672630370332288,0.0,0.08225798159477662,0.0,0.41668808801604035,0.32093465631587065
7,52.61,0.21508717005030648,0.0,0.0,0.06890755633093153,0.0,0.44809827093813853,0.24416376896451458
28,31.65,0.1413884428502909,0.0,0.0,0.07715888474130919,0.0,0.4420995558150689,0.31447458970241693
28,31.27,0.07499062617172852,0.01862404562067104,0.05026844171951033,0.07012859656279227,0.003378698541803153,0.43651137014466596,0.32167682336411246
100,63.53,0.08453334263122618,0.021152706267942023,0.04796163069544364,0.05454763814150618,0.004610205212243775,0.41673930645467466,0.3071016530878689
28,33.04,0.11927955477734756,0.07953340402969247,0.0,0.07632740634787541,0.0,0.41028549820381927,0.28948514965432764
28,25.73,0.07352782443127115,0.06713785495632803,0.0,0.080176846722766,0.0,0.4432393691200408,0.3127199250473851
28,37.43,0.06297149909950757,0.09941100657842263,0.0,0.07296297695662944,0.004995738928560934,0.4489028265806896,0.2832877839489847
28,61.215,0.14268028289644946,0.0075513241644360445,0.056038774062393805,0.06120546954332373,0.004332075441702783,0.37438670331046076,0.31834792924806693
28,19.99,0.06394112197095247,0.05002196616775193,0.038712652077651497,0.08786467100770338,0.003914762569650151,0.3740773122110144,0.36059313002666393
28,35.23,0.0617805353723416,0.07248267535810157,0.056473689098411044,0.10467754275328028,0.0025649756990664373,0.3841272227946737,0.2899307014324063
14,22.14,0.09880654540536885,0.0,0.03997903847454188,0.08363479613226046,0.0019440124416796264,0.400212996145784,0.3601494353911691
180,27.63,0.10198222939577536,0.0,0.0,0.07949795834788788,0.0,0.38865668525634073,0.34649867704155174
90,26.32,0.0638985641616759,0.0425990427744506,0.0,0.08018643345778936,0.0,0.3708622547422758,0.3938740905939643
28,33.76,0.06925859105794634,0.08127196395133086,0.06331603293630773,0.0764409634639556,0.00803741674005797,0.35830632818311625,0.3169649346318606
7,38.6,0.20882792578914974,0.0,0.0,0.10023740437879188,0.0,0.40974237228523697,0.26114481667106304
56,45.08,0.08515492573044449,0.0,0.05012893741112959,0.06386619429783337,0.003133058588195599,0.4359771527727569,0.32113850529004895
3,23.8,0.11349946365211651,0.0,0.05008664081194818,0.06580575955111807,0.004084495420414226,0.4346893308028715,0.32077729185576365
100,41.16,0.10039918716818069,0.0,0.03843280884797957,0.07702625639542823,0.0021284627679654306,0.3810751548155466,0.34424873296225794
28,33.02,0.14519523846953303,0.06222653077265701,0.0,0.09956244923625121,0.0,0.4069833451236234,0.25938638090497024
28,31.97,0.15559886942523599,0.0,0.0,0.08880722707089267,0.0,0.4152751741176179,0.31550153736648917
28,49.25,0.0808979674385681,0.0808979674385681,0.0,0.0768530690666397,0.0,0.4631408635858024,0.26696329254727474
90,38.07,0.08089711890573,0.053931412603820006,0.0,0.07820869501460302,0.0,0.39853847501191453,0.3362566548674729
56,53.46,0.06766173991961624,0.03054907299364709,0.06766173991961624,0.06644625956177883,0.003200764942305199,0.4081177881498768,0.31201380785686506
3,13.52,0.1413008213377047,0.0,0.0,0.08196301418984683,0.0,0.4174991035295323,0.3521848265969981
3,16.11,0.12302907843530933,0.08201938562353955,0.0,0.08201938562353955,0.0,0.3981357677142649,0.3066328906280036
28,36.96,0.10614468258412667,0.07076312172275112,0.0,0.08633270545911181,0.0,0.41473637767482907,0.2944645251064841
56,47.97,0.1512386326777054,0.007815950009183741,0.036734965043163585,0.06135520757209237,0.0054320852563827,0.36656805543071747,0.3302238878880131
28,26.92,0.06221310510651892,0.07356279320027576,0.0,0.07188135792712659,0.00084071763657458,0.42035881828729,0.34805710154187613
7,8.0,0.07894178996905075,0.052613727900962394,0.0,0.07872980879297918,0.0,0.4593208123118668,0.324034425742994
180,50.95,0.12454167434810218,0.031135418587025544,0.0,0.09340625576107664,0.0,0.38181855425141853,0.2744832954382515
28,65.91,0.15087121945991402,0.07708447551640416,0.0,0.07873334130285131,0.0028855151262825087,0.33966635200811246,0.3120478500851227
28,31.18,0.13800606507101615,0.0,0.049514280329638324,0.08395154796374664,0.00445457193277023,0.3503263830589203,0.3483989240495486
28,56.7,0.14716270308453028,0.03681029746487717,0.0,0.04968212856133741,0.009182952672474688,0.33439290479554196,0.38952986421787933
28,33.66,0.06643365520509804,0.09986205495798178,0.0,0.08124370572852756,0.0,0.3958091788461702,0.33056032768294646
28,21.97,0.08578696802524347,0.00467156756573108,0.059881002433462026,0.08748571986732749,0.0007219695328857123,0.4000560588107888,0.3401750563773268
3,6.9,0.07256590968415558,0.10884886452623335,0.0,0.08853215000435048,0.0,0.42443226311667975,0.3013138432089098
28,29.87,0.061965600485397204,0.0731538339063717,0.05723211711498492,0.08262080064719628,0.003442533360299845,0.3502777694105092,0.34640491938017187
3,15.87,0.14392524135314472,0.0,0.0,0.07917950240631456,0.0,0.43548726323473014,0.33362613253494006
90,40.56,0.1610469748597196,0.0402617437149299,0.0,0.09662818491583176,0.0,0.39498889623489125,0.25174185017545647
3,9.45,0.07960844192516055,0.0,0.05237507582254388,0.06772783367148445,0.004141479637725115,0.45518626200087847,0.33575268254931084
7,46.8,0.17035433702100367,0.04260862594195927,0.0,0.060686227352894015,0.007455507455507456,0.37518037518037517,0.32215007215007213
14,34.24,0.07379033595330482,0.0538089079030279,0.04916592047225815,0.07457798560673898,0.0014923888170331311,0.4175786820548536,0.30958776904453955
28,46.25,0.12134954126514244,0.05613990888287039,0.0,0.08183745879784174,0.0023094203354957904,0.38802460582393816,0.31916189036551823
90,32.1,0.07188266090497362,0.04819877841027133,0.0,0.07977728840320772,0.0,0.393401753438318,0.3560061494993144
100,40.57,0.07565749017087404,0.0,0.049750651638319904,0.06431085032353792,0.0030945381401825773,0.4324418683075653,0.31897546983420416
3,24.4,0.20444671607462303,0.0,0.0,0.08177868642984921,0.0,0.3987562824772127,0.30334781497572194
28,12.18,0.06596706854499215,0.0,0.048607313664731054,0.07985487244920102,0.0034719509760522183,0.4305219210304751,0.35413899955732625
100,66.95,0.10733577278271475,0.03786954754022187,0.00948674759443186,0.06222531993572244,0.0043367989003117065,0.41110530289829816,0.30299510174052774
100,53.9,0.08446640316205534,0.03877470355731225,0.009683794466403162,0.07181818181818181,0.0027272727272727275,0.4212648221343873,0.31043478260869567
28,29.72,0.061592267801457545,0.0727908619471771,0.061592267801457545,0.08226659545509364,0.0034457212756060164,0.41650155918887727,0.2769498475268336
28,39.45,0.06682119067009126,0.10440811042201759,0.0,0.07016225020359582,0.005011589300256844,0.4380964313307858,0.2873311198813924
360,33.7,0.10313884648322598,0.0,0.0,0.07111739956063597,0.0,0.360427449082176,0.3187250996015936
56,54.77,0.17761352730111066,0.009557678599162907,0.0314606920555779,0.06451433054434962,0.004101837065474081,0.3850948002246054,0.28354446510849957
7,39.0,0.17796432318992655,0.009233997901364113,0.05540398740818468,0.07471143756558238,0.0035676810073452256,0.34501573976915006,0.3147953830010493
7,18.13,0.15039984874072354,0.0,0.0,0.08723191226961965,0.0,0.41854129335275636,0.33302823649731644
100,45.84,0.09217286189181022,0.0,0.04835297673012994,0.06918929236054779,0.002664185395492357,0.42006648534300395,0.3095624373717612
180,39.78,0.13578189955814732,0.05819224266777742,0.0,0.09310758826844387,0.0,0.38059768537802496,0.24256976943620903
28,51.33,0.11109181732644681,0.0,0.04902416075401905,0.064409832292142,0.003997851659512263,0.4254683341880928,0.3139726934616953
28,52.42,0.1338643563286245,0.06194344438809023,0.0,0.07732537353144149,0.0033258225174813546,0.395357151765596,0.29475102061178504
28,41.94,0.12115123219667868,0.05107769719790286,0.03968019451737908,0.07936038903475816,0.003799167560174593,0.38160527493309243,0.2938022913201685
100,47.82,0.08358566742366894,0.0,0.04920514761544284,0.0626892505677517,0.0030753217259651775,0.427942846328539,0.31522047691143074
3,35.3,0.14698609590984638,0.07661437431594309,0.0,0.06684502817301066,0.0047022578945234905,0.38295026146175365,0.30637642385179775
56,63.4,0.14692017598994342,0.07432432432432431,0.0,0.06682118164676303,0.003967630421118792,0.3638042111879321,0.2972580138277812
28,46.68,0.15312905574372448,0.007913646291665348,0.03719413757082714,0.062122123389572986,0.004589914849165902,0.37115001107910484,0.33435155582286097
3,29.55,0.2047155454564406,0.01084033438262211,0.05128312034855844,0.08380412349642477,0.0016260501573933162,0.3427213408659759,0.29143822051741747
28,41.37,0.21877663160304764,0.0,0.0,0.0686856866660731,0.003476682905319749,0.33961256184891697,0.3400365475690779
3,12.45,0.08125873834018489,0.0,0.04194403288746062,0.06911374971306944,0.003130151708019449,0.42002462386010314,0.3780805909726425
7,25.45,0.16610531160435976,0.0,0.0,0.07769711930712747,0.0,0.43538838099621346,0.3072320662747641
3,7.32,0.0765342595941161,0.019007409525571693,0.05130318500264925,0.07157214825779429,0.003448246860833802,0.44549667370333296,0.32829833222596944
270,74.17,0.1931903962907444,0.0,0.0,0.0618924788116644,0.0,0.4024799922723841,0.219306875789308
3,10.03,0.09789608543348813,0.0,0.05035263872513759,0.0832116726184649,0.0019579217086697622,0.4381488275879682,0.3228868278688874
28,30.12,0.1306517154467363,0.0,0.04269327709479965,0.08401488263635272,0.004200744131817637,0.4112442775577388,0.302282118546714
3,15.04,0.07952327734316358,0.0,0.05229270570966289,0.06759687077780187,0.0032526563360077395,0.45453787259595335,0.33527380694233627
14,22.53,0.14966667094285724,0.0,0.0,0.08680666914685721,0.0,0.4165009642809799,0.33140477137346963
7,23.4,0.14296754250386398,0.0,0.0,0.08243173621844409,0.0,0.39979392065945385,0.36175510905031766
28,44.39,0.130016324733425,0.06023120474871126,0.0,0.07393899617428003,0.0033231009516530353,0.3601410656353977,0.34227939802026264
28,30.22,0.08954356914367059,0.0,0.05076453600150534,0.06483625266912649,0.004622395300701132,0.44125467352799214,0.32516301102011763
28,39.44,0.09747603781874987,0.14621405672812482,0.0,0.07554799759157702,0.0,0.3830694374379586,0.2702559763063253
14,21.5,0.07573235685752329,0.01880825565912117,0.050765645805592535,0.07082223701731025,0.003412117177097203,0.4408288948069241,0.3248585219707057
3,32.11,0.17950813078691452,0.00931410112573613,0.05588460675441678,0.071125863141985,0.003767977273593253,0.3480086875161409,0.3175261747410045
28,38.63,0.13986283589570042,0.0,0.05907223604905694,0.08524564883076381,0.004626397021971102,0.34316728280565273,0.33948329999186094
28,17.54,0.10018774678599392,0.0,0.0,0.07787703006474317,0.0,0.4706298357426101,0.33213500930314793
90,35.76,0.12551826898160143,0.0,0.0,0.07774034724021767,0.0,0.4097564135786473,0.33606504275719096
28,24.85,0.07854710556186152,0.0,0.05167681353833454,0.06876483335053142,0.004086265607264473,0.4453616757816531,0.3297492518831906
7,14.84,0.12512478638263314,0.0,0.0,0.07855197035583154,0.0,0.4616673152738533,0.32541750562596233
90,36.59,0.05499981391040406,0.08270648708331438,0.0,0.0793982275999818,0.0,0.38350998060532876,0.34703641980158717
28,13.2,0.06295588746092394,0.0,0.058179923584577985,0.0785863146926016,0.0047759638763459535,0.4250607849947899,0.35255296978117406
3,12.18,0.08153676064123826,0.0,0.04208754208754209,0.07127661356517079,0.003140861349816574,0.4179439502822588,0.3776571687019449
56,31.35,0.09482918773867273,0.0,0.048797605532046665,0.08058623180926826,0.002518319744039633,0.42444008669625355,0.3127670554236764
365,43.7,0.1620730181597604,0.018008113128862267,0.0,0.08643894301853888,0.0,0.3533381354968344,0.22519619365356183
7,24.0,0.16016771488469603,0.0,0.0,0.0779874213836478,0.0,0.4389937106918239,0.309853249475891
28,36.35,0.06445184132974326,0.0754764983993046,0.05893951279496258,0.07123624568024255,0.007632454894311701,0.4002798566794581,0.2946975639748129
28,23.74,0.06179122454345743,0.07319948768840599,0.0,0.07714360840394584,0.0014419366056812304,0.4180767958472226,0.3464040645648321
28,49.77,0.10846023194381267,0.04198191355732033,0.032717515138110484,0.07119398064491898,0.0043400785387289415,0.39048187391237216,0.31836979973041435
91,65.2,0.1636692725382216,0.04093657334308931,0.0,0.05911349019909886,0.00635421881618978,0.32814726383486736,0.34162590980860325
180,26.74,0.12066774814802977,0.0,0.0,0.08111110223195378,0.0,0.389173465881394,0.32644221932761697
28,33.3,0.05621087595281693,0.08814887365328108,0.06856023506366307,0.07622535451177447,0.002129199846697611,0.3692032534173657,0.3134182174338883
3,9.69,0.06783938054435702,0.10197511979916087,0.0,0.08296280932813088,0.0,0.4041844366954876,0.3375549304538325
7,15.75,0.07216249540331827,0.1082437431049774,0.0,0.08803997490752559,0.0,0.42207272491293346,0.2996387548941141
28,24.54,0.096211841972992,0.0,0.04950909761083002,0.0817612170358208,0.0025550380323694,0.43062862312770167,0.3173273464464029
28,53.52,0.12595055024065102,0.05802691569179757,0.04521193358202012,0.08513715837287793,0.0025376202197579115,0.37150760017255824,0.2771504216678932
180,40.76,0.15511723597413624,0.03877930899353406,0.0,0.09307034158448174,0.0,0.3804454313891973,0.24247273202272873
28,44.86,0.14018340662366596,0.0,0.0,0.07593267858781906,0.0012516375591398747,0.41137154443730545,0.34086262860575917
28,39.09,0.16384038562331568,0.0,0.0,0.0763487943080942,0.0,0.42920403286712416,0.30291900011968187
7,35.08,0.18823643376719446,0.020915159307466052,0.0,0.10039276467583705,0.0,0.41037744156964967,0.26154957112915445
3,13.4,0.1243487017820395,0.006567713122290818,0.06173650334953369,0.07837470992600376,0.0024081614781733,0.3686676299312579,0.35071588073032967
90,42.33,0.08111581203331726,0.08111581203331726,0.0,0.0973389744399807,0.0,0.3978944042897457,0.2860399687490661
28,24.9,0.08802656152728781,0.0,0.05046690184685619,0.07482880265615273,0.002365636024071384,0.43892923843120973,0.3234280971155841
100,56.06,0.0687357378296146,0.019848187119675457,0.0687357378296146,0.06528904665314403,0.002575114097363083,0.3986276622718053,0.31436200557809335
28,44.28,0.11590405160249949,0.04871329705032587,0.03779479943559766,0.07558959887119532,0.003779479943559766,0.365349727877444,0.32251562185043336
91,76.8,0.10930818570555895,0.0767028100183262,0.0,0.055245876603543055,0.004276114844227245,0.3835522296884545,0.30684941967012824
28,33.4,0.10749616237421115,0.041403718232986525,0.03223605662630053,0.08263687531980216,0.0035391437830462227,0.35625959406447216,0.35024731366194783
28,47.81,0.1329944308582078,0.03324860771455195,0.0,0.09974582314365586,0.0,0.4077329261837161,0.29311272590460274
28,33.42,0.12959848374896485,0.05971945940869625,0.0,0.09113727365086954,0.002646609351922207,0.3822643023623123,0.3084153639941604
28,38.7,0.12925782048660805,0.08615824984665713,0.0,0.07593539153547331,0.0,0.39950930280106317,0.2818646493559599
3,24.1,0.1385460658493583,0.07749395219156177,0.0,0.07171265734552462,0.0038951986551314117,0.3873467546844889,0.30989380458403376
7,12.73,0.10540828846453855,0.0,0.0,0.07673723400218406,0.0,0.4637964692439696,0.34573918616368643
28,26.86,0.06541648495420846,0.10218653532062628,0.0,0.08551174503818099,0.0025653523511454295,0.42841384264128674,0.292450168030579
56,37.27,0.08827787568507099,0.0,0.050046982058096434,0.06391979577927707,0.004557057995620385,0.43501756282085924,0.3205668496211189
28,38.2,0.07127305590929632,0.020580865135767984,0.07127305590929632,0.06769913322104919,0.002670172123403032,0.41334264470278936,0.3259663969108163
56,33.96,0.07880804352049738,0.0,0.04067903633184379,0.0670293374781426,0.0030357489799883427,0.40735703646136906,0.3666780001295253
91,57.6,0.15049765694589676,0.03760505015297626,0.0,0.061151775686456765,0.004686108206498586,0.3300027109716897,0.3585066418806398
3,19.52,0.08792958996607245,0.0,0.051762324659272836,0.06594719247455434,0.0032351452912045523,0.45018291013761813,0.3316023923484666
90,39.66,0.05870963452940884,0.08808522661171035,0.0,0.0845535076202031,0.0,0.40377935481726474,0.31099901942860947
28,37.27,0.13628056666256777,0.0,0.05423237235887498,0.07738395586782396,0.0048762492738628795,0.36894126027722535,0.33060970076790325
28,44.64,0.08725896499015016,0.0,0.07119677611842697,0.06506616967883797,0.004781873022879423,0.42652672535700564,0.3154810073812502
28,33.31,0.05622739722526314,0.08796179944709726,0.06853778949655182,0.07620516184545133,0.0023428082177192975,0.3692691716256107,0.3133399499916937
3,13.18,0.0893633384605096,0.04100347756303083,0.010240419982612185,0.07594629840165852,0.002800441383000067,0.44556276332508526,0.32832040393232126
90,43.25,0.08230960758894583,0.05473588904664897,0.0,0.07901722328538799,0.0,0.3973084758318415,0.33179002819104064
180,41.84,0.1744299913499045,0.01938111014998939,0.0,0.09302932871994907,0.0,0.38027778231137077,0.24236588271776205
7,55.6,0.19153225806451613,0.047903225806451614,0.0,0.0730241935483871,0.003588709677419355,0.3435887096774194,0.3151209677419355
28,33.4,0.10749018938747654,0.04137519194676676,0.03241767616447705,0.08275038389353352,0.003412386964681795,0.35616788943866234,0.3501962122504692
180,44.21,0.05330054865965919,0.07995082298948879,0.0,0.07330734486142239,0.0,0.39975411494744395,0.30808175296188395
3,21.02,0.1031958754436439,0.0,0.04094228735830034,0.059876558388865665,0.0050819255579872295,0.41229170252702846,0.3687674691191056
270,41.15,0.14959746471665059,0.037399366179162646,0.0,0.08975847882999036,0.0,0.36690746609452196,0.23384445800444856
28,41.05,0.13019695929785152,0.06031488529772675,0.0,0.07404172126203698,0.003327717809529752,0.4167966556436014,0.28659969634574983
14,59.76,0.2138817154897891,0.0,0.0,0.06852136440691392,0.0,0.44558690727039396,0.24279535480600134
3,28.3,0.13296364756623535,0.11616348326145,0.0,0.07549804888067366,0.004230848223454508,0.38722530293694807,0.27106181967549803
28,25.18,0.12363314370682238,0.0,0.0,0.07768839435631407,0.0,0.45527069810958243,0.32119556591400816
28,48.28,0.11206464241228141,0.0,0.03939045893524435,0.0649497710985651,0.00477215005580989,0.39386414740281794,0.35410971092094407
100,46.23,0.08643189095920051,0.0,0.04900044617650426,0.06258316453646999,0.004461765042663161,0.4259208806655532,0.31386345419583594
14,12.84,0.10217157898382571,0.0,0.0,0.08398850136806012,0.0,0.4190766460014546,0.3831434211893464
7,36.84,0.15485326952471648,0.008002752947013771,0.03761293885096473,0.06282161063405811,0.005721968357114847,0.3753291132149459,0.33811631201133185
100,52.96,0.08448552863802206,0.0,0.06893385990043766,0.06299810847387874,0.004629886112715962,0.412970012583793,0.30545376841072236
28,25.72,0.07998126786946663,0.0,0.04128462979394657,0.06802721088435375,0.003080942521936311,0.41342140721022713,0.37213677741628054
100,48.97,0.11436357693352814,0.0,0.03788490392908198,0.06620012838335428,0.003701851319473707,0.3785339881146944,0.3406490841856124
28,24.5,0.11427384167878663,0.0,0.0,0.07604404737170165,0.0,0.4521088718055267,0.3357573239143985
7,23.22,0.16522045128786125,0.0,0.0,0.07982078945335634,0.0,0.41455313232227003,0.3274368943704887
56,77.3,0.14153557906241462,0.073773371325969,0.0,0.06436629064366291,0.0045278894570436,0.36874975604043875,0.2950154182442718
28,9.74,0.06790085598885551,0.0,0.06264401552520217,0.08454751745709105,0.003942630347739997,0.38418742388533084,0.38024479353759083
28,31.12,0.06920372692184773,0.01729068843162803,0.050929681802165026,0.06486056821627292,0.004425105096246037,0.44283829518728846,0.32622858126213833
28,34.74,0.11838371979258389,0.0,0.03921664546847993,0.0685272152105143,0.00383197991064149,0.39184032873495744,0.35262368326647753
28,37.43,0.06296092644904573,0.09947826378949225,0.0,0.07303467468089304,0.005036874115923658,0.4487015358268659,0.2833241690207058
180,53.1,0.15554009250542344,0.0,0.0,0.09332405550325407,0.0,0.38148254267119647,0.27424174204903606
7,12.05,0.10123136470938517,0.0,0.0,0.07911358754599009,0.0,0.475957550881521,0.3355947342676676
28,32.04,0.14456043393716098,0.0,0.0,0.08400709582778972,0.0,0.41278613584416474,0.33304335960154197
90,21.86,0.10653142050249408,0.0,0.0,0.08021189308423084,0.0,0.3717319920122322,0.3947929112739486
28,40.93,0.11770898525736406,0.04961185047643126,0.0,0.06975500781272667,0.002984171457228948,0.40219999751319047,0.32917069046267095
56,60.2,0.14536574020234913,0.036360817149280925,0.0,0.04907547389231306,0.009070822188626584,0.3303097259371245,0.3847734232662713
7,49.20000000000001,0.17022469659951137,0.0425762005847719,0.0,0.061481155124764694,0.006608723515039853,0.3412905034645733,0.35530900789041536
3,18.0,0.0891493888448542,0.04092445037753953,0.010220683325685204,0.07579992490926536,0.0028784781611113433,0.4446205832047057,0.3276459054691085
28,22.93,0.08084607171573818,0.03778675091061676,0.08348235666299052,0.0935881156274578,0.002636284947252332,0.4055485010523171,0.2737342536897005
28,67.87,0.10206706214251011,0.07348828474260728,0.03878548361415385,0.06491465152263644,0.0038785483614153845,0.3511106937702348,0.3266145988560324
7,20.97,0.14656480628801932,0.0,0.0,0.08517187858035341,0.0,0.41850953535929997,0.33766110239216246
28,18.28,0.06651561185780248,0.07853133529017971,0.0,0.0828226650874573,0.003862196817549822,0.44930222977496265,0.2991056868702473
120,38.7,0.12386622447756424,0.0,0.0,0.0767171454828785,0.0,0.40436328764933877,0.3316418268270268
14,32.9,0.06942135018290656,0.03134353175922847,0.06942135018290656,0.06817426005986033,0.003284003990688394,0.4187312936481543,0.3201280345859661
28,33.94,0.1016166654559836,0.0,0.04031574614397443,0.05896026538172837,0.0050041566785313605,0.4059823885969797,0.36312420801149337
28,64.02,0.20103343126248996,0.0,0.023885160149998808,0.07762677048749612,0.0,0.4100285825749795,0.25079418157498745
14,29.75,0.07107080284448108,0.005606513449448624,0.07107080284448108,0.06463980212305473,0.0016901989075543645,0.4148407708955993,0.3530454498608678
7,15.69,0.10007183998588406,0.06671455999058938,0.0,0.07801570396884414,0.0,0.4371736217015573,0.3084918224249986
7,41.67,0.15472140152802377,0.007995938063463761,0.037580908898279676,0.06276811379819051,0.004637644076808981,0.3750094951764504,0.3378283831813439
28,38.5,0.08635437881873727,0.0,0.050835030549898165,0.06476578411405295,0.0031771894093686353,0.44211812627291247,0.32566191446028514
3,11.65,0.12542586203155176,0.0,0.0,0.08332790833930083,0.0,0.39632836403879956,0.3885597725842501
180,52.12,0.1400422583656823,0.015560250929520254,0.0,0.09336150557712151,0.0,0.38163562806086515,0.2743517927046992
3,11.36,0.1201026726096533,0.0,0.0,0.08281447822542881,0.0,0.4197089786503408,0.37114760921972284
28,41.37,0.21876735617954185,0.0,0.0,0.06868277461450732,0.0035189322796321657,0.33959816337173065,0.34002213111626467
3,27.42,0.08912961782919136,0.022302828292730746,0.050569416531869346,0.05751352057905658,0.00486087283303106,0.43939839550348836,0.3237994869532539
28,21.54,0.0692475736250542,0.0,0.0680802454724344,0.07358336390621352,0.0018760631024247075,0.4413334222726211,0.32522596137811427
28,71.3,0.14343921832350964,0.07476561572847026,0.0,0.0652320107599193,0.004588789113493413,0.37370940306183,0.29898334586020014
28,39.06,0.15714609590823977,0.0,0.0,0.07985355982299547,0.002812927711956202,0.4253818444408991,0.30665110459892686
7,46.2,0.15084294587400177,0.07630878438331853,0.0,0.06860530773574251,0.004073566185367427,0.37351778656126483,0.3051948051948052
7,9.62,0.06688512437769037,0.10032768656653554,0.0,0.07821516118978022,0.0,0.43829131251526815,0.30928052160288433
3,22.95,0.12259789796637575,0.0,0.039635979186964904,0.07110429320674144,0.0036899604054810428,0.3959866498061735,0.3562262899313834
7,19.54,0.08725517099440881,0.13090419510856519,0.0,0.08725517099440881,0.0,0.41307927143004153,0.2701265735944843
90,50.53,0.11696238928169658,0.07797492618779772,0.0,0.07797492618779772,0.0,0.37850328753660145,0.2915125105083396
56,69.3,0.18219960374499822,0.04553047667145798,0.0,0.05353327376558797,0.012509226525776,0.3310283205780661,0.32652189114642005
28,38.46,0.13179004309005235,0.0,0.04728986249821508,0.07135477476418066,0.004241808270266184,0.3886084348987426,0.328803138098158
7,24.07,0.16028528685828264,0.0,0.0,0.07781693534531525,0.0,0.43907692436629686,0.309801078625695
28,50.82333333333333,0.17980801664232046,0.009675767711694375,0.031849402050993986,0.06531143205393704,0.0046766210606522815,0.3898528073836859,0.28704777544693316
14,31.81,0.069520870796666,0.05394719902321931,0.053407311735073154,0.07288478389973048,0.00323932372887691,0.4179142908165172,0.3100614225614745
90,37.72,0.1410859160188737,0.0604653925795173,0.0,0.09674462812722769,0.0,0.39546488339726404,0.2520452153840932
7,30.28,0.14671620452900788,0.0628783733695748,0.0,0.10060539739131968,0.0,0.41124662442416643,0.26210353530896446
3,15.62,0.14369428070871917,0.0,0.0,0.08285075644466691,0.0,0.4018261687566345,0.3635939967722726
3,8.2,0.11120802442215438,0.0,0.0,0.08373310074138683,0.0,0.38805058874836457,0.4121238552115133
3,27.91,0.18334970873706585,0.009866352039662737,0.032476742130556506,0.06659787626772347,0.004768736819170323,0.39753176759807773,0.2927017771766612
90,37.23,0.13492416120787695,0.0,0.0,0.07826416601786217,0.0,0.3986580956534854,0.3362913383580015
56,66.1,0.12473101451543488,0.08314096795649281,0.0,0.060917876286239674,0.005594898078954576,0.33338550021518837,0.34445792088892363
100,37.96,0.06555787767297347,0.0,0.057055219599024175,0.06508109310807912,0.0,0.39954546538146735,0.3579460120944351
28,23.52,0.0638520346943673,0.05056738318077411,0.03942541739517982,0.07842229764475984,0.002999760019198464,0.4083958997565909,0.33425897356782885
3,14.7,0.16611295681063123,0.0,0.0,0.08025197393968159,0.0,0.41679250981576565,0.32920567804288736
7,25.89,0.13038149291720585,0.08690675993662426,0.0,0.08690675993662426,0.0,0.412283960898364,0.2694750148403436
28,40.23,0.08746057524350284,0.04013041361734157,0.010022376489550138,0.0743292166592351,0.002740813162448405,0.43607564644328356,0.3213296625527197
3,24.380000000000006,0.1462750786381342,0.0077415779780628125,0.05745065762667666,0.06274752676956175,0.004441221050572876,0.38381928712290364,0.32636862949622697
28,27.87,0.056656741087213046,0.08519810689806473,0.0,0.08179018262214215,0.0,0.39506362168632614,0.35749125654427966
90,50.73,0.0780922708988339,0.11713840634825085,0.0,0.0780922708988339,0.0,0.37817809105070704,0.2912597666179946
28,42.13,0.11999350035206426,0.05041393591180478,0.0,0.07374600542470616,0.002916508689112673,0.37831284138775817,0.3453979576106294
28,30.12,0.1307262378274585,0.0,0.04286106158277329,0.08400768070223563,0.004286106158277328,0.4110375805787958,0.30217048415855163
28,38.8,0.12057272042200451,0.08038181361466967,0.0,0.08038181361466967,0.0,0.3901867202545424,0.30051075944067646
90,21.95,0.09854067934612415,0.0,0.0,0.08100377878452578,0.0,0.4041838034196956,0.3695275475479655
28,52.2,0.1505952380952381,0.06,0.0,0.061071428571428575,0.00630952380952381,0.4501190476190476,0.2400793650793651
56,61.86,0.1976841562791896,0.010468000128836924,0.04952169291719006,0.08092569330370084,0.0015702000193255385,0.33094985022707507,0.28142815730988496
91,74.19,0.18392389035812884,0.04600033299904359,0.0,0.07012340325022555,0.003446152893025993,0.32994009889297177,0.3026032006629004
100,40.71,0.08928105467260268,0.0,0.0388195952645714,0.07599327180541227,0.0018064961601920505,0.38823609700482936,0.34937635738114253
3,14.94,0.07033495235374196,0.054578914640090084,0.054032705332683485,0.07373825649989076,0.003277255844439589,0.4228080200332767,0.31369220685366633
28,24.24,0.07022119676982495,0.01759709752386685,0.06846566685057934,0.050910367658123096,0.0023825048904047757,0.4425189346441291,0.3260687833341694
100,44.28,0.07735460750582046,0.0,0.03992880356617851,0.06762072006928938,0.0029797614601625756,0.3965069249656334,0.3582865179699481
7,10.73,0.07468872388855023,0.0681978659111542,0.0,0.08144272475692176,0.0,0.45023748645910544,0.31765732655594203
3,14.4,0.0688561532362392,0.0,0.05992571881650878,0.06835538121270292,0.0,0.4196469557234069,0.375954596669866
7,10.79,0.08041137040389333,0.05360758026926222,0.0,0.08898158715167098,0.0,0.4194159134932816,0.3498047652154142
100,49.99,0.07080378203572807,0.05163107251818823,0.04717600308672668,0.07155955274285102,0.0014319866029697812,0.4006778069920724,0.2970576653049535
56,23.25,0.08473332074917679,0.004614190733866063,0.05914553577046499,0.08641120828876445,0.0007131022043247552,0.39514251557289376,0.33599697980242876
100,51.06,0.09781439218427274,0.0,0.03879591307830649,0.062081314348990446,0.005026191168039707,0.38788059654606427,0.3490846834677578
28,32.76,0.06701056996914985,0.07881117348572969,0.0,0.07417522210421618,0.004635951381513511,0.417235624336216,0.3325241490921964
28,42.64,0.1261834996019715,0.0,0.04530749817923138,0.07875882861062652,0.0025406073745363393,0.3721989803695737,0.3450991683745194
28,57.22,0.13332946029164006,0.06813786921844786,0.0,0.0790515474184794,0.0019088562631233868,0.36102281498203187,0.3211858147081525
28,35.23,0.06185849427588005,0.07246280758031663,0.05655633762366176,0.10471759388131122,0.0026510783261091448,0.38396451089814115,0.28985123032126653
28,49.77,0.10847932842951138,0.0421400468130025,0.03254379852885342,0.0713460198517171,0.004172281862673515,0.39052558234624096,0.3183451061219892
14,21.6,0.07575377933684123,0.0,0.06974024889334336,0.07082602522341937,0.0031738077340683203,0.44082519001085774,0.3248141652050447
28,40.87,0.15149774242830455,0.0,0.06042887478881811,0.08213220305804152,0.004681110018852107,0.34086992046368525,0.33108214496972177
270,40.27,0.13094314507712845,0.05611849074734077,0.0,0.08978958519574523,0.0,0.3670346201861165,0.23392549827312575
100,66.42,0.0956099979855268,0.0,0.048463576774673424,0.05551423302806317,0.004648784342894334,0.42102490198813014,0.3102676150186726
28,30.44,0.08492424757116653,0.056474624634825735,0.0,0.08152727766831985,0.0,0.4099293430260208,0.34232964195937227
100,33.54,0.06690458544130441,0.0,0.06577675377823608,0.07109367447555828,0.001812586601359843,0.4264009280443399,0.3142219572712919
28,13.29,0.058621545049808724,0.0,0.07211276922608245,0.07842318053433951,0.004352007798797975,0.41822794946448544,0.350293107725249
28,39.6,0.16520934925172356,0.0,0.0,0.08071296451992602,0.0,0.3954094501429293,0.33025054649403063
3,13.33,0.08833562551678002,0.0,0.041716353724763476,0.06623094406102886,0.004321215923680679,0.4170804369414101,0.37553028382909587
90,48.79,0.16227666312933822,0.0,0.0,0.07928020183418051,0.0,0.3881426548131754,0.31299163015785847
28,44.09,0.19919604476333516,0.0,0.0,0.07967841790533407,0.0,0.4481911007175041,0.2442143508798489
14,21.26,0.1190240884129835,0.0,0.0,0.08207076132447598,0.0,0.4159397746706427,0.3678145114856097
365,36.15,0.11450310501090949,0.0,0.0,0.07198403670066948,0.0,0.3610391063536169,0.30285511813960425
7,14.2,0.1254662597490675,0.0,0.0,0.08138351983723296,0.0,0.4599016615801967,0.3242624618514751
28,17.28,0.043941273779983456,0.06591191066997518,0.0,0.08271298593879238,0.0,0.38211676316515025,0.40581058726220015
14,24.28,0.08075554338899534,0.0,0.0416842943533335,0.07059370048693892,0.0031107682353233956,0.4139395598470332,0.37403877261528506
7,14.6,0.1250486781186448,0.0,0.0,0.08307732248712735,0.0,0.39513651507939945,0.3873912855350266
56,39.15,0.06819695960268912,0.017039145620091657,0.05018876304685765,0.06391698463650496,0.004360729210829145,0.43639593806149435,0.3214826479316819
28,28.24,0.0569530912147001,0.08542963682205015,0.0,0.07833089909185115,0.0,0.42714818411025074,0.3291937629021598
28,29.73,0.06156283499007676,0.07292828144978325,0.06143368218939827,0.08209813029795551,0.003616278418997516,0.41647473125454726,0.27703275745534545
180,41.72,0.07792452385997128,0.05194968257331419,0.0,0.0753348871153801,0.0,0.3838940289254577,0.3239007776757618
28,55.94,0.2070238254848301,0.0,0.0,0.07452857717453883,0.0,0.4436224831817787,0.2417249619470492
14,28.68,0.10216217989730467,0.0,0.04052036681595223,0.06484078940892761,0.005249602178584905,0.40512164312548193,0.3646012763095297
14,19.42,0.07918213138491753,0.0,0.05209460246658788,0.06932077293077908,0.004119301632741375,0.44896226886140833,0.33241515903000846
28,26.23,0.06532236373029121,0.061906815299949194,0.048244621578581094,0.07599595257511005,0.0034155484303420246,0.3701600611383169,0.3518014883252285
28,33.06,0.06236491162123141,0.0982460936498851,0.0,0.08628569964033386,0.0012814707867376317,0.3532587802106738,0.37248084201173826
56,39.64,0.10226872949511974,0.0,0.039148469650731835,0.07846056926865587,0.0021680970652965385,0.38817118967167646,0.35065901969286656
28,57.23,0.18983825780435068,0.0,0.023579909916750928,0.05675164759624799,0.0007593530312174027,0.4388261201456359,0.2561817331633448
270,67.11,0.18823208837227645,0.0,0.0,0.06776355181401952,0.0,0.4033544750834495,0.21978337175658183
3,40.2,0.18820224719101122,0.04703049759229535,0.0,0.05529695024077047,0.012921348314606743,0.34193418940609954,0.3372792937399679
7,13.71,0.10711052360894457,0.0,0.0,0.07863272566529661,0.0,0.4722213957521326,0.33323274011671644
28,37.4,0.08657056763580095,0.0,0.04088280804625784,0.06490756576268425,0.004234872546624318,0.4087466406059125,0.36802671227298633
56,56.34,0.1507220638407253,0.007789253945257122,0.036609493542708475,0.06114564347026841,0.005569316570858842,0.36531601003255904,0.3290959791871134
14,24.92,0.10435711840776084,0.0,0.03994790492649085,0.07822609595845753,0.002295856604970738,0.3994373064175454,0.3594894014910545
270,43.01,0.16817400403617608,0.01868600044846401,0.0,0.08969280215262725,0.0,0.36663899827302016,0.2336733529765815
28,39.4,0.06754474839581222,0.05403579871664978,0.051502870651806816,0.0768321513002364,0.0027017899358324888,0.34785545423843295,0.3710739614994934
90,47.03,0.11333472516329147,0.04857202506998206,0.0,0.09714405013996412,0.0,0.39709760846687087,0.28546716488498225
28,20.59,0.04688331984121143,0.07030333464647033,0.0,0.0880956194615561,0.0,0.40614894436772453,0.3675340585889982
28,31.35,0.16318053701231272,0.0,0.0,0.0788352724267277,0.0,0.40943480195816645,0.3233941551698561
56,51.26,0.08604152561498532,0.0,0.07020343682496695,0.06415836476770802,0.004715156204661959,0.42057581326369403,0.3110794080665441
90,41.68,0.1370099733385998,0.0,0.0,0.0789967413844179,0.0,0.3831341957144268,0.34668049109640897
100,33.56,0.07601479552299617,0.0,0.05001078507345833,0.06654789770956995,0.0039545269347223445,0.4310034911682232,0.3191183402171395
28,33.8,0.10834783346772482,0.041930144718414455,0.03267835165301532,0.08004074184102193,0.0027585621525272673,0.3900182489496244,0.31799855705979707
7,50.51,0.20734773645387702,0.0,0.0,0.05799381134533725,0.0,0.3559072257905629,0.3559072257905629
28,31.9,0.14084624008636795,0.0,0.0,0.07710833367935888,0.0,0.44396462234771417,0.3132084873147033
3,36.3,0.17135023989033582,0.04285771882433576,0.0,0.06104100310446317,0.007499092851671169,0.3773737047937749,0.324033383058501
56,42.7,0.09393362240142644,0.0,0.04927665437451879,0.07051100214774893,0.002715078818332861,0.428090934878632,0.31547594926449735
28,13.29,0.05873932358405597,0.0,0.07222761270335772,0.07831909811207463,0.004351061006226368,0.418136962698354,0.3502604110012226
28,29.89,0.06051417779091132,0.09079268005430431,0.0,0.0871524075049572,0.0,0.41619021923006094,0.32055811802191875
14,26.31,0.08735473421551337,0.0,0.04127254265994138,0.06548521957897073,0.003576405589058665,0.4142875347877382,0.3714528839394724
28,53.52,0.12608313024641213,0.0579643920931492,0.04527145951800704,0.08504264825345248,0.002538586515028432,0.3714798266991606,0.27712902789060384
28,36.8,0.1322945697153957,0.0,0.047715564563803735,0.07537370154547758,0.0033780930664639814,0.4230639304112829,0.290811586859218
3,4.83,0.061839968839308,0.0927818357673977,0.0,0.08906180933332751,0.0,0.4253084339564013,0.32758115128253384
28,12.46,0.06784973254073172,0.0,0.06259685002144927,0.0844838605184595,0.003939661889461842,0.4583139998073943,0.30510492632832265
28,29.16,0.061969519543904346,0.04957561563512348,0.05085774362568701,0.07863718342123034,0.002436043182070723,0.3560042053798091,0.3760908772319712
28,19.99,0.06373472433100293,0.04985665125141935,0.03884990363657721,0.08783645626231734,0.003828433952988572,0.37414240904206497,0.36087340500045684
7,16.89,0.06751265324727262,0.10148398832074101,0.0,0.08256324473551811,0.0,0.4022378079458523,0.3359292020176393
90,29.39,0.12045300094816046,0.0,0.0,0.07813167629069867,0.0,0.4415253582052503,0.3113058977207525
28,27.77,0.07512102601904115,0.0,0.06915772516637195,0.07023443226477055,0.003147297672242077,0.4371430819498337,0.32210106966709046
28,37.36,0.06567425569176882,0.10230028290448605,0.0,0.07577798733665633,0.004630877003906776,0.4302505725447932,0.2938501953388118
90,54.28,0.19407426575236122,0.0,0.0,0.07762970630094448,0.0,0.3784448182171044,0.2915157200155259
56,51.43,0.08576949498439276,0.0,0.06998148021677386,0.06210755936574764,0.004700248671275856,0.42274116895586183,0.3115421234678997
7,34.9,0.15698472974064798,0.039225983679405343,0.0,0.06378767067948614,0.004888098893108184,0.34422719560475074,0.37395976407853276
7,14.54,0.1539430241287729,0.0,0.0,0.07495338117648957,0.0,0.4458454757541755,0.3165640110755023
28,46.39,0.06774539228687916,0.05275929035675135,0.054237371643010526,0.0718922314511063,0.0033256828940831586,0.41295948825541245,0.30653763564475145
100,47.74,0.08376212502068445,0.0,0.039556525644763495,0.0628018943005508,0.0040974887122065765,0.39548645858778475,0.35608752866272153
28,26.85,0.1245407559623887,0.0,0.0,0.07638499699026506,0.0,0.4462710421985595,0.33003300330033003
28,52.83,0.11649450627230071,0.05366741193173539,0.04180145972029661,0.07177860214919457,0.003955317403812926,0.34352972525116265,0.33511947140305515
56,36.64,0.10289194299606276,0.0,0.04841733037563335,0.07714849345567952,0.002619365295046944,0.42089926084785584,0.31010829438391707
28,36.35,0.0643943411033576,0.07555093643285893,0.058837253695887326,0.07105436188940972,0.007762954164634017,0.4004496574543449,0.29465289413960594
28,56.61,0.13782420959273153,0.07078584782708267,0.0,0.08119553133106541,0.0033310987212744783,0.33769013286920024,0.3339426468077664
3,23.14,0.11438407621752376,0.0,0.0402057344770365,0.06629405500012384,0.004870920603994155,0.40201606578219556,0.3614388204116341
3,40.6,0.1565297683568188,0.07587618932915813,0.0,0.05857320647155646,0.008832149022441687,0.3792605082500301,0.30342446505279214
100,56.74,0.11737571286393579,0.0,0.04640527005892482,0.06903524430893668,0.003751915451572645,0.40394306567036853,0.29758613607999873
360,41.24,0.12136812308414369,0.0,0.0,0.07040084481013772,0.0,0.35860430325163906,0.30250363004356057
56,27.66,0.09686132838393212,0.0,0.039191966061248834,0.08198826726766538,0.0019057404215829243,0.39233395200848464,0.3530591276680366
91,62.5,0.14329384791746275,0.03584256782575468,0.0,0.04837600305693542,0.008941536110049674,0.3256018341612534,0.3792892625143294
3,6.28,0.050611261878375904,0.07548058883585372,0.0,0.08377036448834632,0.0,0.3969493625598827,0.38913952128727125
28,31.38,0.1124262305891662,0.07496455771323068,0.0,0.07653061224489795,0.0,0.41722989680524875,0.2943770399920873
3,23.52,0.10108871066838154,0.0,0.05124067141253861,0.05869534942779204,0.004915172317749507,0.44515077291084704,0.32804679244046503
28,44.52,0.12572774936472708,0.05817974203094342,0.0,0.051183698414230115,0.003216571777799222,0.4019508507832353,0.33058316446331504
28,36.45,0.1656892454598967,0.04142231136497417,0.0,0.099413547275938,0.0,0.4063746757069045,0.258998452113628
7,10.34,0.10135192658051115,0.0,0.0,0.07904684068039025,0.0,0.4762391241422758,0.3359809981100271
14,25.37,0.08749799363725784,0.0,0.041320783448639174,0.0656029171485367,0.004280240516592105,0.4131255221687649,0.3719693633553793
91,67.8,0.13144791099354233,0.07352369096708938,0.0,0.06803859021240177,0.0036956352602505248,0.3675017505640706,0.2940169610207733
28,25.75,0.09174197569336243,0.06116131712890827,0.0,0.0771579931442817,0.0,0.43835047262906407,0.3092552196946089
100,50.94,0.06913725614995385,0.03715431371925023,0.06360786684912326,0.06854055946281386,0.003858638576838621,0.40066193552493395,0.29699583107914584
56,54.9,0.14878268710550044,0.05927784529736934,0.0,0.060336378249108084,0.006233582938017014,0.44470145450268544,0.2371897910377543
90,43.57,0.06886102705313611,0.10329154057970416,0.0,0.08401210434840047,0.0,0.4027626977999975,0.28593013991008437
3,9.31,0.1106604336669121,0.0,0.0,0.0862628577403488,0.0,0.42172952673059416,0.375984071868288
100,59.3,0.08401873204517728,0.0,0.06855298886309077,0.06083979379009089,0.004604305222147888,0.41411199874070276,0.30518279485262284
100,44.3,0.09651007255482143,0.0,0.0381419480361558,0.07567589477524217,0.002837339386324024,0.38502695472417003,0.34331806574520685
100,56.81,0.06638812805355575,0.029974041049329964,0.06638812805355575,0.06519552695079726,0.0031405162372640143,0.4004356969362078,0.3061407030781035
14,25.62,0.15692035457322673,0.0,0.0,0.08956145768993205,0.0,0.4188020633357261,0.31818105937932994
7,21.82,0.08751381031890412,0.13129148287520456,0.0,0.0771301118947342,0.0,0.40579493441656067,0.2862993329512132
14,17.82,0.07082570973263294,0.017748585593713374,0.06905506698931713,0.051348639556158884,0.0024030151516429036,0.446328445797253,0.3288758104906367
14,20.08,0.09702676251223383,0.0,0.049905504370422876,0.08247274813539875,0.0019405352502446763,0.43425804056562395,0.32001957409469817
14,35.96,0.08842385093570425,0.02212622484458961,0.050168986002933944,0.057058103628538775,0.004822382337923376,0.435919048815477,0.3212355024598202
180,32.33,0.11060842620581154,0.0,0.0,0.07626790399028882,0.0,0.386530529123558,0.3418079885638075
28,22.84,0.09819651062185522,0.0,0.03973220660747435,0.08311843221584751,0.001932010046452241,0.39774206825875486,0.3579258612144783
28,23.74,0.06189745372529402,0.07334424311284839,0.0,0.07715983957536651,0.0012718654875060415,0.41801979022698565,0.3463713677641453
7,56.1,0.17780477926285945,0.07168894289185905,0.0,0.07533414337788578,0.004495747266099635,0.35840421223167274,0.28671526933981367
7,47.1,0.15217129796703957,0.060627932154456866,0.0,0.06171057380007217,0.00637555635751233,0.454829784674606,0.24259192429528048
7,15.07,0.08681562853225716,0.004727583731954598,0.06059902783687258,0.08853474988933156,0.0007306265767566196,0.404853079591021,0.34425405175414847
28,23.84,0.13042494692513834,0.0,0.0521177739880973,0.0920109282010232,0.0043068945115372565,0.3820519959628302,0.3165349946055058
28,46.23,0.13121988524528505,0.06072053925522267,0.0473060223240964,0.07476190277191559,0.003343181789688791,0.36319491167731605,0.28843300890540047
100,42.35,0.10003801444548929,0.0,0.03829455192973331,0.07498849562833879,0.0022008363178007647,0.3829055040915548,0.3446109521618215
3,11.98,0.10557347309010282,0.0,0.04967916414701338,0.08100685345696433,0.002435664852516294,0.43825169656655244,0.31676241349190354
7,59.09,0.15512912838835197,0.07519724356347403,0.0,0.05804908907889344,0.008753118298393802,0.37586685711330114,0.3007094004511834
28,74.5,0.15291395403561062,0.07412346066358146,0.0,0.05722017413130442,0.008628127696289905,0.3704996470311397,0.29641540512981407
28,23.52,0.0638520346943673,0.05039596832253419,0.03929685625149988,0.07837944393019987,0.003042613733758442,0.4085673146148308,0.3343875347115088
28,25.56,0.06537817709756764,0.061919240229570925,0.04825430445476907,0.07622471986881663,0.003416233943700465,0.427840598524187,0.2940950396283138
28,23.69,0.06423272075147972,0.05992179989567571,0.04698903732826369,0.08320077251701735,0.002586552513482405,0.38453414033771754,0.33625182675271265
14,18.13,0.1297178422167147,0.0,0.0,0.08719444360924862,0.0,0.41836151761284807,0.35092542083131095
56,50.77,0.08606974992649635,0.03951072750486332,0.00986761288347759,0.07318143922154603,0.002779041995754913,0.4292612984167516,0.3163274758646244
28,67.57,0.19542166131862718,0.0,0.0,0.05471806516921561,0.0015633732905490174,0.3775546496675877,0.333389354209578
28,28.63,0.10491910732396487,0.040612419339837814,0.031666172113395896,0.10934794258457967,0.002657301156368886,0.37773535937783714,0.3079812040231539
7,25.42,0.09888486269201242,0.14832729403801864,0.0,0.07663989566739027,0.0,0.38860595455258307,0.274161996186577
28,61.8,0.16793108898372056,0.0420025288446341,0.0,0.059822980875612455,0.00734945471787577,0.36984352773826457,0.31756756756756754
28,46.68,0.1529898243977261,0.007906450873267499,0.03716031910435725,0.06206563935514987,0.005494983356920912,0.3708125459562457,0.3340475493955518
28,39.42,0.11198019718618181,0.047149556709971285,0.036625102087209836,0.07493411691406152,0.004209781849104579,0.38309014826851673,0.31362874775829114
56,36.3,0.15354459327017314,0.0,0.0,0.08763475988239136,0.0,0.40979255145377325,0.3113361646520745
3,12.54,0.13373759551129583,0.0,0.0,0.08407607795987002,0.0,0.42168727184017707,0.3537294057171733
28,37.17,0.11725947847451001,0.045099799413273085,0.03522079573227041,0.09019959882654617,0.0038656970925662645,0.38828779685332254,0.29207489143834
28,17.96,0.06337835293312107,0.0,0.058457008849860485,0.06765778257073897,0.006889881716564816,0.428713261096561,0.3552354542186617
1,12.64,0.20394511429084206,0.0,0.0,0.08157804571633682,0.0,0.45887650715439465,0.2500367101205724
28,33.72,0.11155012091692497,0.04725978405259035,0.03661568854525018,0.08302394495725332,0.0021288191014680337,0.38105861916277806,0.31208488027521375
14,36.94,0.20088873174925873,0.0,0.0,0.08035549269970349,0.0,0.4519996464358321,0.24628958512459118
90,37.91,0.13256384891726175,0.0,0.0,0.0768950422722485,0.0,0.41050738713049334,0.3288064047162293
28,25.1,0.1317297160670655,0.0,0.0,0.07502738225629793,0.0033701238520515635,0.4211391018619935,0.3463644788945994
28,41.05,0.13030006862276197,0.06030485142132297,0.0,0.0742373515772838,0.0033271642163488534,0.41668572854498953,0.2864272494749319
7,35.1,0.13769917274542565,0.07702025347406169,0.0,0.07127429805615551,0.003871388402135376,0.38497901299971476,0.3079995109825176
56,48.72,0.11872069120575578,0.0,0.03838247574998394,0.06885559195734567,0.003573263955803945,0.38346341620093793,0.3449604933513201
14,20.77,0.13797417911790794,0.0,0.0,0.08698372161781152,0.0,0.41735046726969666,0.3427929915972868
28,21.07,0.06598328811178931,0.09897493216768397,0.0,0.07716055794936572,0.0,0.43238167260156146,0.3051103807335447
28,40.93,0.13027406203091152,0.060292815175493675,0.0,0.07422253454362497,0.003326500147613444,0.3605926160012974,0.3426295152041848
7,33.49,0.19835258282533258,0.010503395424559362,0.049689139893107755,0.08483511689067177,0.0015755093136839045,0.3563074909408215,0.2823797462218075
7,21.48,0.08182817787400165,0.12274226681100248,0.0,0.08182817787400165,0.0,0.39626999889191006,0.30519353216444056
28,78.8,0.17974572555896534,0.0,0.0,0.06576063130206049,0.0045036068709895976,0.4105057590371049,0.29691921406081856
91,73.3,0.1708038284958369,0.0688662360905766,0.0,0.07236790911213134,0.004318730059917515,0.3442922729748657,0.2754260368842891
28,37.81,0.08618961715774703,0.12930487889683837,0.0,0.0759630370488544,0.0,0.39965475065552375,0.2819672667623874
7,21.18,0.14272610221410598,0.0,0.0,0.07813749168973903,0.0,0.4498901783234733,0.3173888528894462
7,14.64,0.0845631754196224,0.056375450279748274,0.0,0.08175291883468028,0.0,0.4165992488950582,0.3514949713438988
100,48.15,0.06676812997845552,0.016682149704504576,0.049137232423457786,0.06257782697211077,0.00426936532721918,0.4272527820054157,0.3147470994011029
28,28.99,0.06688530807321183,0.07925391852231738,0.06171376363456143,0.08352044268420396,0.003964850736298639,0.3790742073530743,0.30102698253310867
3,8.06,0.05802257726645497,0.08703386589968246,0.0,0.07980182546675756,0.0,0.43516932949841225,0.3353754842142014
7,7.68,0.044528262350044534,0.0667923935250668,0.0,0.08381790560008383,0.0,0.3872212618087206,0.41123159935041126
28,17.96,0.06583306799308107,0.04388871199538738,0.0,0.08261404610896449,0.0,0.3820899632539608,0.40579847336127295
28,36.8,0.13219021876847706,0.0,0.0477236253061914,0.07517526818143423,0.0033786637384914265,0.4231776332460512,0.2909874144775741
28,45.94,0.08693917108488683,0.0,0.07093584825755168,0.0629545473054965,0.004764348017298248,0.42850627509426886,0.3157907596081018
56,44.14,0.10007392275469569,0.0,0.03970367308655322,0.05806513151096521,0.004928183646378977,0.39981877002074606,0.3576112616945003
56,71.7,0.17327123460688348,0.06986106725607831,0.0,0.07341332491316704,0.004381117777076097,0.34926586675086835,0.27940479949479
7,11.96,0.08552720059175577,0.05703214309730347,0.0,0.07804619729675207,0.0,0.45230650258893146,0.31911942707282626
28,44.03,0.1398116677759705,0.007482877993643492,0.03820206133596941,0.05710617416201612,0.005159247458775249,0.3808391063080661,0.3430308806559727
28,60.28,0.20854388244541766,0.0,0.0,0.06817780772254038,0.0020854388244541766,0.3428942682516002,0.3428942682516002
7,16.26,0.1408954309016456,0.0,0.0,0.08172786324204216,0.0,0.4163013033891523,0.35117441236814995
28,81.75,0.12173207350298533,0.05294379069812378,0.0,0.05603539891407261,0.002280061059262265,0.43668966050277275,0.28790601511023517
28,12.18,0.06580203830060594,0.0,0.048570238033230906,0.08003889091445736,0.0034289980380922624,0.43057798149209164,0.35414170876955403
180,36.25,0.09712708312033534,0.09712708312033534,0.0,0.09324199979552193,0.0,0.38114712197116857,0.24291994683570187
90,26.94,0.10583597923281415,0.0,0.0,0.08250206255156378,0.0,0.4033434169187563,0.3595923231414119
28,27.23,0.07077415707547373,0.07034260733720865,0.05523836649793072,0.08501529843822149,0.00345239790612067,0.41471929847274547,0.27662338222791866
7,15.58,0.12623181209973997,0.0,0.0,0.0774221780878405,0.0,0.4523306600240682,0.33451430206431093
56,29.98,0.14656739168669755,0.0,0.0,0.08500908717828458,0.0,0.40787611286526687,0.3245420815919731
28,43.94,0.20064037720390912,0.0,0.0,0.08025615088156365,0.0,0.39133233570479115,0.2977001596763002
56,59.89,0.1336793673274808,0.07477182724147344,0.0,0.06919361155837939,0.0037583722687513105,0.3737404507673014,0.29900818533918316
90,29.23,0.04549215963841504,0.06821723661383751,0.0,0.08548157420514738,0.0,0.39409736078264995,0.35662828747012343
100,58.61,0.10764553276908449,0.0,0.047503335798498206,0.06241171383740085,0.0038738305140455704,0.41226947773721334,0.3042326489566092
28,76.24,0.11239904522120132,0.07357028414478632,0.04904685609652421,0.06621325573030769,0.004250727528365432,0.3392407546676258,0.31267370761534186
3,14.14,0.13126440339834214,0.08749527052591753,0.0,0.08749527052591753,0.0,0.4150758435661955,0.2712998314587418
56,55.83,0.10091071621410831,0.0,0.03951636449446651,0.05851461665526772,0.005679477488071097,0.395083652303988,0.3555672878095215
28,25.18,0.12441063099385118,0.0,0.0,0.07802022621648294,0.0,0.4508303882455149,0.3243111024890561
28,55.5,0.12664362610733723,0.0844158423707941,0.0,0.06185198426885948,0.0056806896277757915,0.3384975966313113,0.34973980057998644
7,17.44,0.13829467210375024,0.0,0.0,0.08021926599371615,0.0,0.4282538939768701,0.3430209238585467
28,44.52,0.12582813404515342,0.05829098861516691,0.0,0.051054865890525505,0.0032160545442850713,0.4020068180356339,0.33044960442529103
90,40.66,0.1375824903613413,0.0,0.0,0.0756900806572422,0.0,0.4162954436148321,0.3189233086026507
3,19.11,0.17049077918190453,0.0,0.0,0.08329320509650298,0.0,0.4077896499516292,0.32883463262056906
3,19.93,0.10150358310632511,0.0,0.04011544380640568,0.0795914278284372,0.0029841456604127498,0.40494856611801017,0.3610816249099427
7,13.66,0.057519483103111245,0.08649546331294924,0.0,0.08303564478043128,0.0,0.4010794633821456,0.36293496406113507
28,33.27,0.10356035047393074,0.0,0.048731859431447914,0.07946217822761034,0.0023892204962163814,0.42989491549162334,0.3107222448786235
56,45.08,0.11656190544999155,0.0,0.038613138100169385,0.06747264568231261,0.003773009336191187,0.3858102738241457,0.34719713572397626
14,25.48,0.06953922414154017,0.0,0.06836697954433178,0.07389327550259987,0.0018839645312277587,0.4431921895017123,0.32659571795794995
7,12.37,0.07622136460965359,0.11431109546736394,0.0,0.07781367459050396,0.0,0.42422490121392686,0.29931237350563805
90,47.71,0.10296677654727954,0.06864451769818636,0.0,0.08374795774329091,0.0,0.4023194274685071,0.2856484396541436
100,48.67,0.07232640668900042,0.017962382320564938,0.04848253635196731,0.0676371121893839,0.003258662279394524,0.42100327058421455,0.31024849286869577
56,64.9,0.12338531821045998,0.10326086956521738,0.0,0.06911625708884687,0.0033868935097668552,0.41229521109010714,0.2409420289855072
